Date,Time,Day,Weather,Temperature,Vehicle_Count,Average_Speed,Congestion
2026-01-01,00:00,Thursday,Clear,5.8,447,56.4,Low
2026-01-01,01:00,Thursday,Cloudy,10.4,309,58.5,Low
2026-01-01,02:00,Thursday,Clear,8.2,261,49.6,Low
2026-01-01,03:00,Thursday,Clear,12.8,248,58.5,Low
2026-01-01,04:00,Thursday,Clear,11.6,100,57.1,Low
2026-01-01,05:00,Thursday,Clear,16.6,318,57.2,Low
2026-01-01,06:00,Thursday,Cloudy,16.8,522,55.7,Low
2026-01-01,07:00,Thursday,Clear,19.3,1397,42.9,Medium
2026-01-01,08:00,Thursday,Clear,22.5,1458,41.6,Medium
2026-01-01,09:00,Thursday,Clear,27.3,1200,48.6,Medium
2026-01-01,10:00,Thursday,Fog,27.1,932,47.7,Medium
2026-01-01,11:00,Thursday,Clear,24.5,930,53.9,Medium
2026-01-01,12:00,Thursday,Clear,25.7,1020,51.5,Medium
2026-01-01,13:00,Thursday,Cloudy,29.4,824,50.8,Medium
2026-01-01,14:00,Thursday,Rain,23.6,914,50.3,Medium
2026-01-01,15:00,Thursday,Clear,24.3,1121,52.9,Medium
2026-01-01,16:00,Thursday,Rain,20.9,738,55.5,Low
2026-01-01,17:00,Thursday,Clear,22.2,1794,46.8,High
2026-01-01,18:00,Thursday,Clear,17.2,1790,37.8,High
2026-01-01,19:00,Thursday,Clear,17.5,1767,43.4,High
2026-01-01,20:00,Thursday,Clear,11.4,1911,40.3,High
2026-01-01,21:00,Thursday,Clear,10.1,837,52.6,Medium
2026-01-01,22:00,Thursday,Rain,12.1,551,53.6,Low
2026-01-01,23:00,Thursday,Clear,9.7,641,49.2,Low
2026-01-02,00:00,Friday,Rain,2.7,351,55.3,Low
2026-01-02,01:00,Friday,Clear,7.8,375,57.5,Low
2026-01-02,02:00,Friday,Clear,7.5,610,53.8,Low
2026-01-02,03:00,Friday,Clear,7.6,409,63.3,Low
2026-01-02,04:00,Friday,Clear,14.0,361,54.7,Low
2026-01-02,05:00,Friday,Clear,14.6,571,56.5,Low
2026-01-02,06:00,Friday,Clear,16.4,607,58.1,Low
2026-01-02,07:00,Friday,Clear,23.4,1251,45.8,Medium
2026-01-02,08:00,Friday,Clear,26.4,1531,44.7,High
2026-01-02,09:00,Friday,Clear,24.3,1240,49.0,Medium
2026-01-02,10:00,Friday,Cloudy,27.9,925,49.6,Medium
2026-01-02,11:00,Friday,Clear,25.9,1122,45.1,Medium
2026-01-02,12:00,Friday,Rain,30.7,1130,47.7,Medium
2026-01-02,13:00,Friday,Rain,27.2,788,54.5,Low
2026-01-02,14:00,Friday,Clear,29.3,869,53.2,Medium
2026-01-02,15:00,Friday,Clear,27.5,1043,47.4,Medium
2026-01-02,16:00,Friday,Clear,23.3,817,55.0,Medium
2026-01-02,17:00,Friday,Clear,23.2,1653,45.8,High
2026-01-02,18:00,Friday,Clear,19.5,1990,41.4,High
2026-01-02,19:00,Friday,Clear,17.3,1763,40.1,High
2026-01-02,20:00,Friday,Clear,14.8,1764,46.0,High
2026-01-02,21:00,Friday,Clear,12.0,660,61.6,Low
2026-01-02,22:00,Friday,Clear,7.4,846,51.7,Medium
2026-01-02,23:00,Friday,Clear,8.1,666,55.5,Low
2026-01-03,00:00,Saturday,Clear,7.8,411,54.5,Low
2026-01-03,01:00,Saturday,Clear,9.9,233,60.2,Low
2026-01-03,02:00,Saturday,Clear,10.8,313,58.8,Low
2026-01-03,03:00,Saturday,Clear,14.5,308,53.5,Low
2026-01-03,04:00,Saturday,Rain,14.7,384,53.3,Low
2026-01-03,05:00,Saturday,Clear,18.2,377,57.8,Low
2026-01-03,06:00,Saturday,Rain,18.0,355,60.8,Low
2026-01-03,07:00,Saturday,Cloudy,20.6,1140,50.6,Medium
2026-01-03,08:00,Saturday,Rain,20.7,562,54.9,Low
2026-01-03,09:00,Saturday,Clear,23.4,1397,40.4,Medium
2026-01-03,10:00,Saturday,Clear,25.8,762,49.7,Low
2026-01-03,11:00,Saturday,Clear,27.0,642,55.6,Low
2026-01-03,12:00,Saturday,Cloudy,32.8,989,54.2,Medium
2026-01-03,13:00,Saturday,Fog,29.3,296,57.6,Low
2026-01-03,14:00,Saturday,Cloudy,25.8,462,53.1,Low
2026-01-03,15:00,Saturday,Clear,28.4,678,51.3,Low
2026-01-03,16:00,Saturday,Clear,24.9,939,51.7,Medium
2026-01-03,17:00,Saturday,Cloudy,23.9,1054,48.0,Medium
2026-01-03,18:00,Saturday,Clear,17.5,1630,43.6,High
2026-01-03,19:00,Saturday,Clear,13.5,1312,43.1,Medium
2026-01-03,20:00,Saturday,Clear,16.1,1548,44.1,High
2026-01-03,21:00,Saturday,Cloudy,10.0,673,53.3,Low
2026-01-03,22:00,Saturday,Cloudy,8.9,507,56.9,Low
2026-01-03,23:00,Saturday,Clear,8.6,762,48.7,Low
2026-01-04,00:00,Sunday,Clear,9.4,310,58.2,Low
2026-01-04,01:00,Sunday,Rain,8.1,267,55.5,Low
2026-01-04,02:00,Sunday,Clear,11.1,230,55.8,Low
2026-01-04,03:00,Sunday,Cloudy,10.2,419,56.7,Low
2026-01-04,04:00,Sunday,Cloudy,11.7,416,57.5,Low
2026-01-04,05:00,Sunday,Rain,14.0,221,58.1,Low
2026-01-04,06:00,Sunday,Clear,16.7,474,59.9,Low
2026-01-04,07:00,Sunday,Cloudy,19.7,1193,48.1,Medium
2026-01-04,08:00,Sunday,Clear,22.5,1178,47.4,Medium
2026-01-04,09:00,Sunday,Fog,23.8,854,53.2,Medium
2026-01-04,10:00,Sunday,Cloudy,23.1,645,57.2,Low
2026-01-04,11:00,Sunday,Cloudy,25.3,806,53.8,Medium
2026-01-04,12:00,Sunday,Clear,26.6,748,46.2,Low
2026-01-04,13:00,Sunday,Rain,31.2,438,54.7,Low
2026-01-04,14:00,Sunday,Clear,27.9,953,49.2,Medium
2026-01-04,15:00,Sunday,Rain,25.5,491,55.8,Low
2026-01-04,16:00,Sunday,Clear,25.3,678,51.2,Low
2026-01-04,17:00,Sunday,Clear,23.3,1396,50.5,Medium
2026-01-04,18:00,Sunday,Clear,17.4,1349,44.5,Medium
2026-01-04,19:00,Sunday,Clear,15.3,1398,43.5,Medium
2026-01-04,20:00,Sunday,Cloudy,14.0,1295,42.7,Medium
2026-01-04,21:00,Sunday,Rain,9.2,427,55.8,Low
2026-01-04,22:00,Sunday,Clear,10.3,533,61.5,Low
2026-01-04,23:00,Sunday,Cloudy,9.2,821,49.5,Medium
2026-01-05,00:00,Monday,Clear,7.8,546,50.2,Low
2026-01-05,01:00,Monday,Clear,9.9,100,57.4,Low
2026-01-05,02:00,Monday,Clear,5.5,454,57.2,Low
2026-01-05,03:00,Monday,Clear,12.9,201,63.5,Low
2026-01-05,04:00,Monday,Rain,12.9,257,58.3,Low
2026-01-05,05:00,Monday,Clear,13.2,382,59.9,Low
2026-01-05,06:00,Monday,Clear,17.8,391,56.9,Low
2026-01-05,07:00,Monday,Fog,21.2,1120,48.9,Medium
2026-01-05,08:00,Monday,Cloudy,22.4,1090,45.0,Medium
2026-01-05,09:00,Monday,Cloudy,26.1,1099,52.8,Medium
2026-01-05,10:00,Monday,Clear,27.1,1307,47.3,Medium
2026-01-05,11:00,Monday,Rain,30.8,1059,54.7,Medium
2026-01-05,12:00,Monday,Rain,26.0,709,57.4,Low
2026-01-05,13:00,Monday,Clear,29.4,1158,43.1,Medium
2026-01-05,14:00,Monday,Clear,28.4,979,50.8,Medium
2026-01-05,15:00,Monday,Cloudy,20.7,1194,43.9,Medium
2026-01-05,16:00,Monday,Rain,23.0,869,50.5,Medium
2026-01-05,17:00,Monday,Fog,17.3,1129,48.4,Medium
2026-01-05,18:00,Monday,Cloudy,17.8,1698,39.7,High
2026-01-05,19:00,Monday,Clear,16.4,1790,45.0,High
2026-01-05,20:00,Monday,Cloudy,12.1,1638,41.2,High
2026-01-05,21:00,Monday,Clear,9.8,683,50.1,Low
2026-01-05,22:00,Monday,Clear,9.5,357,56.1,Low
2026-01-05,23:00,Monday,Cloudy,8.4,560,55.0,Low
2026-01-06,00:00,Tuesday,Rain,9.7,206,55.7,Low
2026-01-06,01:00,Tuesday,Clear,9.5,358,49.5,Low
2026-01-06,02:00,Tuesday,Cloudy,8.1,100,61.6,Low
2026-01-06,03:00,Tuesday,Rain,9.0,761,55.7,Low
2026-01-06,04:00,Tuesday,Clear,16.0,100,56.6,Low
2026-01-06,05:00,Tuesday,Clear,13.6,303,53.7,Low
2026-01-06,06:00,Tuesday,Clear,18.4,536,57.8,Low
2026-01-06,07:00,Tuesday,Clear,21.9,1411,43.3,Medium
2026-01-06,08:00,Tuesday,Clear,22.1,1637,42.5,High
2026-01-06,09:00,Tuesday,Clear,23.7,1538,50.3,High
2026-01-06,10:00,Tuesday,Clear,26.7,1019,48.7,Medium
2026-01-06,11:00,Tuesday,Clear,27.2,902,49.5,Medium
2026-01-06,12:00,Tuesday,Clear,26.3,918,43.3,Medium
2026-01-06,13:00,Tuesday,Fog,29.0,764,49.6,Low
2026-01-06,14:00,Tuesday,Fog,27.1,841,49.4,Medium
2026-01-06,15:00,Tuesday,Cloudy,24.0,964,52.6,Medium
2026-01-06,16:00,Tuesday,Clear,24.9,885,49.5,Medium
2026-01-06,17:00,Tuesday,Clear,18.6,1555,44.6,High
2026-01-06,18:00,Tuesday,Clear,15.0,1919,37.4,High
2026-01-06,19:00,Tuesday,Clear,15.9,1702,43.1,High
2026-01-06,20:00,Tuesday,Clear,11.8,1914,44.2,High
2026-01-06,21:00,Tuesday,Clear,12.5,329,54.3,Low
2026-01-06,22:00,Tuesday,Clear,9.7,713,54.3,Low
2026-01-06,23:00,Tuesday,Rain,11.5,575,53.0,Low
2026-01-07,00:00,Wednesday,Clear,7.4,352,58.1,Low
2026-01-07,01:00,Wednesday,Clear,10.4,530,53.7,Low
2026-01-07,02:00,Wednesday,Clear,8.8,595,52.0,Low
2026-01-07,03:00,Wednesday,Clear,6.5,402,61.0,Low
2026-01-07,04:00,Wednesday,Clear,12.5,523,57.4,Low
2026-01-07,05:00,Wednesday,Cloudy,15.6,158,61.9,Low
2026-01-07,06:00,Wednesday,Clear,19.0,587,57.0,Low
2026-01-07,07:00,Wednesday,Cloudy,20.8,1261,44.8,Medium
2026-01-07,08:00,Wednesday,Clear,26.0,1460,44.4,Medium
2026-01-07,09:00,Wednesday,Rain,26.7,1009,47.0,Medium
2026-01-07,10:00,Wednesday,Cloudy,25.8,867,54.2,Medium
2026-01-07,11:00,Wednesday,Cloudy,29.6,1012,55.5,Medium
2026-01-07,12:00,Wednesday,Clear,25.9,923,51.3,Medium
2026-01-07,13:00,Wednesday,Clear,29.3,1098,48.9,Medium
2026-01-07,14:00,Wednesday,Clear,27.0,1396,45.4,Medium
2026-01-07,15:00,Wednesday,Rain,25.2,766,54.5,Low
2026-01-07,16:00,Wednesday,Cloudy,23.4,1016,50.6,Medium
2026-01-07,17:00,Wednesday,Cloudy,18.3,1948,39.0,High
2026-01-07,18:00,Wednesday,Rain,17.8,1467,52.9,Medium
2026-01-07,19:00,Wednesday,Clear,16.5,1776,41.0,High
2026-01-07,20:00,Wednesday,Rain,14.7,1001,49.3,Medium
2026-01-07,21:00,Wednesday,Clear,12.2,649,58.5,Low
2026-01-07,22:00,Wednesday,Clear,7.1,677,53.2,Low
2026-01-07,23:00,Wednesday,Clear,5.7,665,55.4,Low
2026-01-08,00:00,Thursday,Clear,6.0,477,52.8,Low
2026-01-08,01:00,Thursday,Fog,8.0,706,53.1,Low
2026-01-08,02:00,Thursday,Clear,7.8,501,54.6,Low
2026-01-08,03:00,Thursday,Clear,11.2,395,54.4,Low
2026-01-08,04:00,Thursday,Clear,15.8,100,52.8,Low
2026-01-08,05:00,Thursday,Clear,12.9,348,55.4,Low
2026-01-08,06:00,Thursday,Rain,17.7,379,58.7,Low
2026-01-08,07:00,Thursday,Clear,17.9,1540,48.4,High
2026-01-08,08:00,Thursday,Clear,21.6,1290,47.4,Medium
2026-01-08,09:00,Thursday,Clear,24.8,1216,50.0,Medium
2026-01-08,10:00,Thursday,Clear,28.3,858,52.1,Medium
2026-01-08,11:00,Thursday,Clear,28.2,837,53.5,Medium
2026-01-08,12:00,Thursday,Clear,24.7,1264,43.6,Medium
2026-01-08,13:00,Thursday,Clear,26.0,766,54.2,Low
2026-01-08,14:00,Thursday,Cloudy,29.2,624,48.5,Low
2026-01-08,15:00,Thursday,Rain,24.0,668,54.5,Low
2026-01-08,16:00,Thursday,Rain,24.9,745,51.5,Low
2026-01-08,17:00,Thursday,Clear,23.3,1846,36.4,High
2026-01-08,18:00,Thursday,Cloudy,16.8,1647,39.7,High
2026-01-08,19:00,Thursday,Clear,15.6,1829,38.8,High
2026-01-08,20:00,Thursday,Clear,17.0,1907,39.5,High
2026-01-08,21:00,Thursday,Clear,12.0,738,55.6,Low
2026-01-08,22:00,Thursday,Cloudy,7.3,741,52.1,Low
2026-01-08,23:00,Thursday,Clear,10.0,606,54.0,Low
2026-01-09,00:00,Friday,Clear,7.3,429,51.4,Low
2026-01-09,01:00,Friday,Clear,9.5,261,53.3,Low
2026-01-09,02:00,Friday,Cloudy,10.5,116,65.0,Low
2026-01-09,03:00,Friday,Rain,10.3,171,60.4,Low
2026-01-09,04:00,Friday,Clear,14.2,172,58.3,Low
2026-01-09,05:00,Friday,Clear,14.1,572,52.2,Low
2026-01-09,06:00,Friday,Clear,18.4,349,62.4,Low
2026-01-09,07:00,Friday,Clear,20.5,1506,43.3,High
2026-01-09,08:00,Friday,Cloudy,20.8,1469,40.0,Medium
2026-01-09,09:00,Friday,Clear,27.4,1388,48.0,Medium
2026-01-09,10:00,Friday,Clear,28.8,1017,52.3,Medium
2026-01-09,11:00,Friday,Cloudy,28.9,1075,50.6,Medium
2026-01-09,12:00,Friday,Clear,24.9,991,52.5,Medium
2026-01-09,13:00,Friday,Clear,27.9,837,54.8,Medium
2026-01-09,14:00,Friday,Rain,28.9,737,51.2,Low
2026-01-09,15:00,Friday,Rain,26.8,764,51.0,Low
2026-01-09,16:00,Friday,Clear,20.9,1191,47.3,Medium
2026-01-09,17:00,Friday,Clear,20.9,2017,40.4,High
2026-01-09,18:00,Friday,Clear,19.7,1842,37.5,High
2026-01-09,19:00,Friday,Clear,16.6,1812,45.1,High
2026-01-09,20:00,Friday,Rain,15.4,1247,46.0,Medium
2026-01-09,21:00,Friday,Cloudy,6.0,598,58.4,Low
2026-01-09,22:00,Friday,Clear,7.6,819,50.9,Medium
2026-01-09,23:00,Friday,Clear,6.7,549,52.2,Low
2026-01-10,00:00,Saturday,Clear,4.1,118,55.6,Low
2026-01-10,01:00,Saturday,Rain,9.7,372,55.6,Low
2026-01-10,02:00,Saturday,Rain,14.0,125,62.3,Low
2026-01-10,03:00,Saturday,Clear,14.2,204,56.4,Low
2026-01-10,04:00,Saturday,Clear,14.1,206,56.5,Low
2026-01-10,05:00,Saturday,Fog,15.1,453,53.8,Low
2026-01-10,06:00,Saturday,Cloudy,18.7,228,55.6,Low
2026-01-10,07:00,Saturday,Clear,19.2,1282,52.6,Medium
2026-01-10,08:00,Saturday,Clear,22.3,1137,50.3,Medium
2026-01-10,09:00,Saturday,Clear,27.2,1023,47.4,Medium
2026-01-10,10:00,Saturday,Clear,28.4,607,51.4,Low
2026-01-10,11:00,Saturday,Clear,27.6,672,54.0,Low
2026-01-10,12:00,Saturday,Rain,21.0,431,59.3,Low
2026-01-10,13:00,Saturday,Clear,28.3,852,57.0,Medium
2026-01-10,14:00,Saturday,Clear,27.1,795,54.8,Low
2026-01-10,15:00,Saturday,Rain,25.9,685,54.7,Low
2026-01-10,16:00,Saturday,Cloudy,25.0,942,48.6,Medium
2026-01-10,17:00,Saturday,Rain,21.5,987,50.6,Medium
2026-01-10,18:00,Saturday,Clear,16.6,1424,47.0,Medium
2026-01-10,19:00,Saturday,Clear,16.2,1378,46.4,Medium
2026-01-10,20:00,Saturday,Cloudy,14.5,1079,53.7,Medium
2026-01-10,21:00,Saturday,Clear,11.4,562,59.1,Low
2026-01-10,22:00,Saturday,Fog,11.8,203,58.5,Low
2026-01-10,23:00,Saturday,Clear,9.2,686,50.1,Low
2026-01-11,00:00,Sunday,Clear,4.4,444,54.1,Low
2026-01-11,01:00,Sunday,Rain,8.6,141,59.7,Low
2026-01-11,02:00,Sunday,Cloudy,9.1,100,61.2,Low
2026-01-11,03:00,Sunday,Clear,13.1,100,52.4,Low
2026-01-11,04:00,Sunday,Clear,14.3,448,58.9,Low
2026-01-11,05:00,Sunday,Clear,18.0,397,55.7,Low
2026-01-11,06:00,Sunday,Clear,15.5,549,57.2,Low
2026-01-11,07:00,Sunday,Clear,20.2,862,55.7,Medium
2026-01-11,08:00,Sunday,Rain,24.0,783,53.0,Low
2026-01-11,09:00,Sunday,Cloudy,24.6,1082,50.5,Medium
2026-01-11,10:00,Sunday,Cloudy,24.8,760,56.1,Low
2026-01-11,11:00,Sunday,Clear,28.6,648,58.9,Low
2026-01-11,12:00,Sunday,Clear,26.5,747,47.8,Low
2026-01-11,13:00,Sunday,Cloudy,28.8,645,47.9,Low
2026-01-11,14:00,Sunday,Clear,26.3,646,61.0,Low
2026-01-11,15:00,Sunday,Clear,24.1,867,52.6,Medium
2026-01-11,16:00,Sunday,Cloudy,23.0,626,53.0,Low
2026-01-11,17:00,Sunday,Fog,19.8,1079,45.7,Medium
2026-01-11,18:00,Sunday,Cloudy,19.0,1549,41.9,High
2026-01-11,19:00,Sunday,Clear,15.5,1199,47.2,Medium
2026-01-11,20:00,Sunday,Clear,15.0,1443,44.1,Medium
2026-01-11,21:00,Sunday,Clear,10.0,734,55.4,Low
2026-01-11,22:00,Sunday,Clear,13.0,578,55.4,Low
2026-01-11,23:00,Sunday,Rain,9.7,551,52.9,Low
2026-01-12,00:00,Monday,Clear,8.2,542,54.0,Low
2026-01-12,01:00,Monday,Cloudy,11.0,640,54.2,Low
2026-01-12,02:00,Monday,Clear,7.3,320,58.7,Low
2026-01-12,03:00,Monday,Clear,13.2,659,54.7,Low
2026-01-12,04:00,Monday,Clear,10.7,484,53.7,Low
2026-01-12,05:00,Monday,Clear,15.8,361,51.4,Low
2026-01-12,06:00,Monday,Rain,19.9,430,50.1,Low
2026-01-12,07:00,Monday,Clear,18.8,1433,48.8,Medium
2026-01-12,08:00,Monday,Clear,22.8,1667,38.4,High
2026-01-12,09:00,Monday,Clear,23.9,1621,47.9,High
2026-01-12,10:00,Monday,Cloudy,27.5,847,52.5,Medium
2026-01-12,11:00,Monday,Clear,27.1,1081,48.1,Medium
2026-01-12,12:00,Monday,Clear,23.5,1035,46.2,Medium
2026-01-12,13:00,Monday,Clear,28.3,805,55.4,Medium
2026-01-12,14:00,Monday,Cloudy,23.5,909,44.6,Medium
2026-01-12,15:00,Monday,Rain,25.6,516,53.6,Low
2026-01-12,16:00,Monday,Cloudy,21.3,1028,52.3,Medium
2026-01-12,17:00,Monday,Clear,23.0,1857,42.7,High
2026-01-12,18:00,Monday,Clear,17.4,1856,40.5,High
2026-01-12,19:00,Monday,Clear,14.3,1909,41.1,High
2026-01-12,20:00,Monday,Clear,12.7,1644,43.0,High
2026-01-12,21:00,Monday,Clear,11.8,837,52.7,Medium
2026-01-12,22:00,Monday,Clear,5.1,1140,46.0,Medium
2026-01-12,23:00,Monday,Clear,9.1,866,48.2,Medium
2026-01-13,00:00,Tuesday,Clear,8.6,302,60.2,Low
2026-01-13,01:00,Tuesday,Clear,8.0,530,56.2,Low
2026-01-13,02:00,Tuesday,Rain,9.3,600,56.9,Low
2026-01-13,03:00,Tuesday,Clear,11.5,565,57.9,Low
2026-01-13,04:00,Tuesday,Clear,10.8,644,51.2,Low
2026-01-13,05:00,Tuesday,Cloudy,16.0,370,57.3,Low
2026-01-13,06:00,Tuesday,Rain,18.7,515,56.5,Low
2026-01-13,07:00,Tuesday,Clear,21.3,1578,40.5,High
2026-01-13,08:00,Tuesday,Rain,24.4,1145,52.4,Medium
2026-01-13,09:00,Tuesday,Clear,24.5,1374,46.3,Medium
2026-01-13,10:00,Tuesday,Clear,24.1,753,49.8,Low
2026-01-13,11:00,Tuesday,Clear,30.8,904,47.0,Medium
2026-01-13,12:00,Tuesday,Clear,28.3,894,54.3,Medium
2026-01-13,13:00,Tuesday,Clear,30.7,1147,47.6,Medium
2026-01-13,14:00,Tuesday,Clear,25.8,997,46.6,Medium
2026-01-13,15:00,Tuesday,Clear,22.0,1153,55.8,Medium
2026-01-13,16:00,Tuesday,Cloudy,24.4,1036,48.9,Medium
2026-01-13,17:00,Tuesday,Rain,21.4,1236,46.8,Medium
2026-01-13,18:00,Tuesday,Clear,16.3,1652,46.4,High
2026-01-13,19:00,Tuesday,Clear,14.2,1937,35.9,High
2026-01-13,20:00,Tuesday,Cloudy,11.8,1471,44.9,Medium
2026-01-13,21:00,Tuesday,Cloudy,10.6,680,49.2,Low
2026-01-13,22:00,Tuesday,Cloudy,9.7,524,59.0,Low
2026-01-13,23:00,Tuesday,Clear,8.2,718,51.5,Low
2026-01-14,00:00,Wednesday,Fog,10.4,377,55.4,Low
2026-01-14,01:00,Wednesday,Clear,9.1,189,63.4,Low
2026-01-14,02:00,Wednesday,Rain,8.8,412,58.1,Low
2026-01-14,03:00,Wednesday,Clear,9.5,355,60.2,Low
2026-01-14,04:00,Wednesday,Cloudy,13.5,262,64.0,Low
2026-01-14,05:00,Wednesday,Clear,12.9,495,56.3,Low
2026-01-14,06:00,Wednesday,Clear,20.4,643,49.0,Low
2026-01-14,07:00,Wednesday,Clear,21.1,1386,53.9,Medium
2026-01-14,08:00,Wednesday,Fog,23.8,1004,45.7,Medium
2026-01-14,09:00,Wednesday,Cloudy,21.2,1415,50.7,Medium
2026-01-14,10:00,Wednesday,Clear,24.5,893,49.3,Medium
2026-01-14,11:00,Wednesday,Clear,27.3,1035,45.0,Medium
2026-01-14,12:00,Wednesday,Rain,28.9,1067,45.8,Medium
2026-01-14,13:00,Wednesday,Cloudy,25.2,1200,49.3,Medium
2026-01-14,14:00,Wednesday,Clear,26.9,897,48.1,Medium
2026-01-14,15:00,Wednesday,Clear,26.3,983,47.5,Medium
2026-01-14,16:00,Wednesday,Cloudy,25.6,767,50.7,Low
2026-01-14,17:00,Wednesday,Clear,17.8,1981,40.6,High
2026-01-14,18:00,Wednesday,Clear,16.5,1833,40.1,High
2026-01-14,19:00,Wednesday,Rain,16.1,1456,48.3,Medium
2026-01-14,20:00,Wednesday,Clear,10.9,1666,41.2,High
2026-01-14,21:00,Wednesday,Rain,10.5,249,59.0,Low
2026-01-14,22:00,Wednesday,Clear,13.7,530,57.2,Low
2026-01-14,23:00,Wednesday,Clear,8.4,712,52.6,Low
2026-01-15,00:00,Thursday,Clear,9.1,489,53.6,Low
2026-01-15,01:00,Thursday,Clear,7.9,480,52.5,Low
2026-01-15,02:00,Thursday,Clear,9.4,425,55.1,Low
2026-01-15,03:00,Thursday,Rain,11.3,296,59.5,Low
2026-01-15,04:00,Thursday,Cloudy,11.7,459,47.8,Low
2026-01-15,05:00,Thursday,Clear,15.5,308,56.4,Low
2026-01-15,06:00,Thursday,Clear,19.0,408,50.5,Low
2026-01-15,07:00,Thursday,Clear,19.3,1259,47.0,Medium
2026-01-15,08:00,Thursday,Cloudy,24.1,1137,45.7,Medium
2026-01-15,09:00,Thursday,Clear,25.9,1367,50.8,Medium
2026-01-15,10:00,Thursday,Clear,25.5,938,49.5,Medium
2026-01-15,11:00,Thursday,Clear,26.2,941,51.1,Medium
2026-01-15,12:00,Thursday,Clear,24.9,1136,50.1,Medium
2026-01-15,13:00,Thursday,Clear,32.2,794,51.4,Low
2026-01-15,14:00,Thursday,Clear,29.1,952,53.1,Medium
2026-01-15,15:00,Thursday,Clear,26.6,913,43.1,Medium
2026-01-15,16:00,Thursday,Clear,24.7,880,51.5,Medium
2026-01-15,17:00,Thursday,Clear,18.4,1797,43.8,High
2026-01-15,18:00,Thursday,Clear,14.1,2109,35.3,High
2026-01-15,19:00,Thursday,Clear,15.3,1774,47.4,High
2026-01-15,20:00,Thursday,Clear,11.3,1458,46.3,Medium
2026-01-15,21:00,Thursday,Fog,11.3,459,58.5,Low
2026-01-15,22:00,Thursday,Cloudy,6.1,603,53.7,Low
2026-01-15,23:00,Thursday,Cloudy,10.2,776,53.1,Low
2026-01-16,00:00,Friday,Cloudy,6.7,405,52.4,Low
2026-01-16,01:00,Friday,Cloudy,8.5,682,53.6,Low
2026-01-16,02:00,Friday,Clear,9.8,331,54.3,Low
2026-01-16,03:00,Friday,Clear,13.5,580,52.2,Low
2026-01-16,04:00,Friday,Cloudy,12.1,314,57.7,Low
2026-01-16,05:00,Friday,Cloudy,14.0,529,52.4,Low
2026-01-16,06:00,Friday,Cloudy,15.5,304,57.8,Low
2026-01-16,07:00,Friday,Cloudy,18.7,1398,52.5,Medium
2026-01-16,08:00,Friday,Clear,25.9,1669,45.5,High
2026-01-16,09:00,Friday,Cloudy,26.3,1275,44.7,Medium
2026-01-16,10:00,Friday,Rain,25.5,557,49.2,Low
2026-01-16,11:00,Friday,Cloudy,23.8,916,50.0,Medium
2026-01-16,12:00,Friday,Rain,25.3,886,52.1,Medium
2026-01-16,13:00,Friday,Rain,28.2,724,53.6,Low
2026-01-16,14:00,Friday,Cloudy,29.1,928,53.4,Medium
2026-01-16,15:00,Friday,Cloudy,26.5,977,46.3,Medium
2026-01-16,16:00,Friday,Fog,22.8,787,54.6,Low
2026-01-16,17:00,Friday,Clear,21.7,1985,40.2,High
2026-01-16,18:00,Friday,Cloudy,22.6,1871,35.6,High
2026-01-16,19:00,Friday,Clear,15.6,1913,42.0,High
2026-01-16,20:00,Friday,Cloudy,11.8,1781,41.4,High
2026-01-16,21:00,Friday,Clear,10.9,668,50.8,Low
2026-01-16,22:00,Friday,Rain,9.9,314,59.0,Low
2026-01-16,23:00,Friday,Clear,11.2,879,49.4,Medium
2026-01-17,00:00,Saturday,Clear,5.1,134,57.3,Low
2026-01-17,01:00,Saturday,Rain,6.7,484,54.0,Low
2026-01-17,02:00,Saturday,Rain,5.9,443,60.6,Low
2026-01-17,03:00,Saturday,Clear,9.4,100,62.8,Low
2026-01-17,04:00,Saturday,Cloudy,13.4,159,65.0,Low
2026-01-17,05:00,Saturday,Clear,14.8,531,60.7,Low
2026-01-17,06:00,Saturday,Clear,21.3,443,53.7,Low
2026-01-17,07:00,Saturday,Rain,22.2,664,53.3,Low
2026-01-17,08:00,Saturday,Clear,25.2,952,53.3,Medium
2026-01-17,09:00,Saturday,Clear,26.4,878,50.6,Medium
2026-01-17,10:00,Saturday,Clear,25.0,729,54.2,Low
2026-01-17,11:00,Saturday,Cloudy,24.9,558,60.0,Low
2026-01-17,12:00,Saturday,Cloudy,27.3,751,55.9,Low
2026-01-17,13:00,Saturday,Clear,27.1,1032,54.3,Medium
2026-01-17,14:00,Saturday,Clear,23.8,573,52.7,Low
2026-01-17,15:00,Saturday,Clear,26.6,798,51.6,Low
2026-01-17,16:00,Saturday,Clear,25.1,720,51.7,Low
2026-01-17,17:00,Saturday,Rain,21.4,837,43.0,Medium
2026-01-17,18:00,Saturday,Clear,18.4,1293,38.5,Medium
2026-01-17,19:00,Saturday,Cloudy,15.1,1192,49.5,Medium
2026-01-17,20:00,Saturday,Cloudy,13.8,1196,49.1,Medium
2026-01-17,21:00,Saturday,Clear,11.2,509,54.3,Low
2026-01-17,22:00,Saturday,Clear,10.0,491,52.6,Low
2026-01-17,23:00,Saturday,Cloudy,6.5,722,52.0,Low
2026-01-18,00:00,Sunday,Clear,6.9,297,57.3,Low
2026-01-18,01:00,Sunday,Clear,6.1,410,55.1,Low
2026-01-18,02:00,Sunday,Clear,9.8,313,59.0,Low
2026-01-18,03:00,Sunday,Clear,11.1,100,57.4,Low
2026-01-18,04:00,Sunday,Cloudy,10.8,370,52.3,Low
2026-01-18,05:00,Sunday,Fog,20.2,100,62.5,Low
2026-01-18,06:00,Sunday,Clear,17.1,218,59.7,Low
2026-01-18,07:00,Sunday,Clear,19.7,897,51.2,Medium
2026-01-18,08:00,Sunday,Rain,22.4,810,53.0,Medium
2026-01-18,09:00,Sunday,Clear,28.7,889,42.3,Medium
2026-01-18,10:00,Sunday,Clear,25.8,1051,54.8,Medium
2026-01-18,11:00,Sunday,Clear,25.6,753,50.3,Low
2026-01-18,12:00,Sunday,Rain,26.7,553,52.6,Low
2026-01-18,13:00,Sunday,Clear,28.9,677,50.4,Low
2026-01-18,14:00,Sunday,Cloudy,23.8,726,51.7,Low
2026-01-18,15:00,Sunday,Clear,26.1,882,50.9,Medium
2026-01-18,16:00,Sunday,Clear,21.1,749,55.6,Low
2026-01-18,17:00,Sunday,Clear,21.6,1366,42.0,Medium
2026-01-18,18:00,Sunday,Clear,18.7,1555,48.0,High
2026-01-18,19:00,Sunday,Clear,16.5,1360,49.0,Medium
2026-01-18,20:00,Sunday,Clear,15.0,1448,48.0,Medium
2026-01-18,21:00,Sunday,Rain,10.1,343,55.4,Low
2026-01-18,22:00,Sunday,Clear,9.9,639,53.0,Low
2026-01-18,23:00,Sunday,Cloudy,6.0,502,59.2,Low
2026-01-19,00:00,Monday,Fog,8.5,313,60.3,Low
2026-01-19,01:00,Monday,Clear,11.2,371,59.2,Low
2026-01-19,02:00,Monday,Clear,9.4,359,61.8,Low
2026-01-19,03:00,Monday,Rain,11.4,329,55.7,Low
2026-01-19,04:00,Monday,Clear,13.5,445,61.0,Low
2026-01-19,05:00,Monday,Clear,16.1,597,53.7,Low
2026-01-19,06:00,Monday,Clear,17.8,100,57.5,Low
2026-01-19,07:00,Monday,Clear,22.6,1526,46.4,High
2026-01-19,08:00,Monday,Clear,21.9,1338,44.6,Medium
2026-01-19,09:00,Monday,Cloudy,21.0,1512,49.4,High
2026-01-19,10:00,Monday,Clear,26.5,1183,48.3,Medium
2026-01-19,11:00,Monday,Clear,27.9,823,55.3,Medium
2026-01-19,12:00,Monday,Cloudy,27.2,1028,48.2,Medium
2026-01-19,13:00,Monday,Cloudy,29.2,968,56.1,Medium
2026-01-19,14:00,Monday,Clear,28.7,802,54.2,Medium
2026-01-19,15:00,Monday,Cloudy,26.4,1011,49.2,Medium
2026-01-19,16:00,Monday,Cloudy,21.1,972,45.2,Medium
2026-01-19,17:00,Monday,Rain,16.0,1024,52.3,Medium
2026-01-19,18:00,Monday,Fog,17.6,1298,46.4,Medium
2026-01-19,19:00,Monday,Rain,16.3,1426,45.0,Medium
2026-01-19,20:00,Monday,Cloudy,14.8,1630,45.7,High
2026-01-19,21:00,Monday,Clear,10.2,755,58.0,Low
2026-01-19,22:00,Monday,Clear,5.6,655,48.6,Low
2026-01-19,23:00,Monday,Clear,9.9,842,56.7,Medium
2026-01-20,00:00,Tuesday,Rain,9.5,202,58.2,Low
2026-01-20,01:00,Tuesday,Fog,7.4,330,60.2,Low
2026-01-20,02:00,Tuesday,Clear,10.0,574,55.1,Low
2026-01-20,03:00,Tuesday,Rain,12.2,328,59.7,Low
2026-01-20,04:00,Tuesday,Clear,9.4,296,61.5,Low
2026-01-20,05:00,Tuesday,Cloudy,14.7,359,59.3,Low
2026-01-20,06:00,Tuesday,Cloudy,20.4,642,50.5,Low
2026-01-20,07:00,Tuesday,Clear,22.2,1363,43.8,Medium
2026-01-20,08:00,Tuesday,Clear,23.8,1421,50.2,Medium
2026-01-20,09:00,Tuesday,Clear,26.3,1306,47.5,Medium
2026-01-20,10:00,Tuesday,Clear,25.8,668,52.7,Low
2026-01-20,11:00,Tuesday,Clear,23.5,774,54.5,Low
2026-01-20,12:00,Tuesday,Clear,27.6,1001,53.2,Medium
2026-01-20,13:00,Tuesday,Clear,26.5,718,53.2,Low
2026-01-20,14:00,Tuesday,Rain,25.1,720,50.1,Low
2026-01-20,15:00,Tuesday,Clear,25.6,1161,48.5,Medium
2026-01-20,16:00,Tuesday,Clear,22.2,902,46.8,Medium
2026-01-20,17:00,Tuesday,Clear,16.9,1840,43.1,High
2026-01-20,18:00,Tuesday,Cloudy,19.8,1628,44.2,High
2026-01-20,19:00,Tuesday,Cloudy,14.2,1669,40.6,High
2026-01-20,20:00,Tuesday,Clear,11.2,1753,47.0,High
2026-01-20,21:00,Tuesday,Clear,9.9,666,51.4,Low
2026-01-20,22:00,Tuesday,Rain,11.8,698,56.5,Low
2026-01-20,23:00,Tuesday,Clear,4.9,806,52.6,Medium
2026-01-21,00:00,Wednesday,Cloudy,8.8,475,55.4,Low
2026-01-21,01:00,Wednesday,Clear,6.9,395,55.4,Low
2026-01-21,02:00,Wednesday,Clear,14.7,327,50.9,Low
2026-01-21,03:00,Wednesday,Cloudy,12.4,525,56.0,Low
2026-01-21,04:00,Wednesday,Cloudy,16.7,268,54.5,Low
2026-01-21,05:00,Wednesday,Cloudy,13.2,588,53.4,Low
2026-01-21,06:00,Wednesday,Rain,14.4,196,52.5,Low
2026-01-21,07:00,Wednesday,Cloudy,22.9,1484,48.5,Medium
2026-01-21,08:00,Wednesday,Clear,22.5,1217,44.9,Medium
2026-01-21,09:00,Wednesday,Clear,24.2,1596,48.2,High
2026-01-21,10:00,Wednesday,Clear,26.4,892,54.4,Medium
2026-01-21,11:00,Wednesday,Cloudy,25.3,764,50.6,Low
2026-01-21,12:00,Wednesday,Fog,31.8,730,52.6,Low
2026-01-21,13:00,Wednesday,Clear,25.4,1081,49.2,Medium
2026-01-21,14:00,Wednesday,Clear,24.5,945,45.1,Medium
2026-01-21,15:00,Wednesday,Rain,24.4,854,50.5,Medium
2026-01-21,16:00,Wednesday,Cloudy,19.9,727,54.3,Low
2026-01-21,17:00,Wednesday,Clear,16.5,2059,46.1,High
2026-01-21,18:00,Wednesday,Cloudy,17.6,1894,37.9,High
2026-01-21,19:00,Wednesday,Clear,13.7,1774,40.8,High
2026-01-21,20:00,Wednesday,Clear,13.1,1874,44.1,High
2026-01-21,21:00,Wednesday,Clear,7.3,1011,47.1,Medium
2026-01-21,22:00,Wednesday,Clear,9.9,834,57.5,Medium
2026-01-21,23:00,Wednesday,Clear,10.6,630,53.4,Low
2026-01-22,00:00,Thursday,Clear,5.0,436,56.4,Low
2026-01-22,01:00,Thursday,Rain,11.9,346,55.4,Low
2026-01-22,02:00,Thursday,Clear,8.0,530,54.3,Low
2026-01-22,03:00,Thursday,Fog,8.6,488,55.0,Low
2026-01-22,04:00,Thursday,Clear,10.1,273,59.2,Low
2026-01-22,05:00,Thursday,Clear,14.0,100,65.0,Low
2026-01-22,06:00,Thursday,Clear,20.4,349,57.8,Low
2026-01-22,07:00,Thursday,Fog,23.6,1090,48.6,Medium
2026-01-22,08:00,Thursday,Rain,25.3,1019,49.4,Medium
2026-01-22,09:00,Thursday,Clear,27.1,1498,45.6,Medium
2026-01-22,10:00,Thursday,Clear,30.6,963,53.2,Medium
2026-01-22,11:00,Thursday,Clear,29.9,854,47.3,Medium
2026-01-22,12:00,Thursday,Rain,26.2,647,51.9,Low
2026-01-22,13:00,Thursday,Clear,29.4,1108,50.5,Medium
2026-01-22,14:00,Thursday,Cloudy,27.5,860,53.5,Medium
2026-01-22,15:00,Thursday,Cloudy,27.4,1002,53.2,Medium
2026-01-22,16:00,Thursday,Clear,21.4,996,45.1,Medium
2026-01-22,17:00,Thursday,Clear,17.3,1681,42.3,High
2026-01-22,18:00,Thursday,Rain,18.1,1441,44.2,Medium
2026-01-22,19:00,Thursday,Clear,15.0,1898,43.8,High
2026-01-22,20:00,Thursday,Clear,12.7,1693,40.1,High
2026-01-22,21:00,Thursday,Clear,9.4,824,51.2,Medium
2026-01-22,22:00,Thursday,Clear,6.3,680,53.4,Low
2026-01-22,23:00,Thursday,Cloudy,8.4,869,47.4,Medium
2026-01-23,00:00,Friday,Clear,8.0,550,61.1,Low
2026-01-23,01:00,Friday,Cloudy,5.8,411,54.4,Low
2026-01-23,02:00,Friday,Clear,11.0,483,55.9,Low
2026-01-23,03:00,Friday,Clear,13.7,458,53.9,Low
2026-01-23,04:00,Friday,Clear,9.3,395,57.1,Low
2026-01-23,05:00,Friday,Clear,13.5,276,60.6,Low
2026-01-23,06:00,Friday,Clear,16.7,402,58.8,Low
2026-01-23,07:00,Friday,Clear,18.5,1523,42.2,High
2026-01-23,08:00,Friday,Clear,22.5,1283,49.4,Medium
2026-01-23,09:00,Friday,Clear,24.1,1439,46.2,Medium
2026-01-23,10:00,Friday,Clear,26.2,1113,48.7,Medium
2026-01-23,11:00,Friday,Clear,31.6,1213,50.6,Medium
2026-01-23,12:00,Friday,Clear,29.0,877,51.8,Medium
2026-01-23,13:00,Friday,Cloudy,27.8,963,51.0,Medium
2026-01-23,14:00,Friday,Clear,27.1,957,49.1,Medium
2026-01-23,15:00,Friday,Clear,25.4,1000,51.8,Medium
2026-01-23,16:00,Friday,Clear,20.1,968,46.1,Medium
2026-01-23,17:00,Friday,Clear,17.8,1732,47.0,High
2026-01-23,18:00,Friday,Rain,17.2,1422,44.7,Medium
2026-01-23,19:00,Friday,Rain,19.6,1450,42.3,Medium
2026-01-23,20:00,Friday,Cloudy,11.5,1647,47.4,High
2026-01-23,21:00,Friday,Clear,12.5,521,59.7,Low
2026-01-23,22:00,Friday,Cloudy,9.7,642,50.9,Low
2026-01-23,23:00,Friday,Clear,5.5,706,49.9,Low
2026-01-24,00:00,Saturday,Clear,4.9,129,58.1,Low
2026-01-24,01:00,Saturday,Clear,3.1,661,55.7,Low
2026-01-24,02:00,Saturday,Clear,10.4,293,63.1,Low
2026-01-24,03:00,Saturday,Clear,11.4,407,58.1,Low
2026-01-24,04:00,Saturday,Clear,12.5,328,59.7,Low
2026-01-24,05:00,Saturday,Clear,13.9,114,54.5,Low
2026-01-24,06:00,Saturday,Clear,20.0,100,61.0,Low
2026-01-24,07:00,Saturday,Clear,21.9,809,49.4,Medium
2026-01-24,08:00,Saturday,Clear,21.5,930,55.7,Medium
2026-01-24,09:00,Saturday,Clear,24.9,1053,50.2,Medium
2026-01-24,10:00,Saturday,Fog,26.2,502,53.0,Low
2026-01-24,11:00,Saturday,Clear,26.5,942,52.3,Medium
2026-01-24,12:00,Saturday,Clear,28.7,694,49.2,Low
2026-01-24,13:00,Saturday,Cloudy,30.8,590,50.3,Low
2026-01-24,14:00,Saturday,Rain,26.1,287,58.1,Low
2026-01-24,15:00,Saturday,Clear,26.3,624,60.0,Low
2026-01-24,16:00,Saturday,Clear,23.1,837,51.6,Medium
2026-01-24,17:00,Saturday,Cloudy,17.3,1253,46.4,Medium
2026-01-24,18:00,Saturday,Rain,22.4,728,51.0,Low
2026-01-24,19:00,Saturday,Clear,15.2,1136,47.8,Medium
2026-01-24,20:00,Saturday,Clear,13.9,1405,46.1,Medium
2026-01-24,21:00,Saturday,Clear,11.6,828,47.6,Medium
2026-01-24,22:00,Saturday,Clear,9.7,531,56.3,Low
2026-01-24,23:00,Saturday,Rain,7.2,457,55.5,Low
2026-01-25,00:00,Sunday,Cloudy,7.8,100,56.1,Low
2026-01-25,01:00,Sunday,Cloudy,10.0,141,60.0,Low
2026-01-25,02:00,Sunday,Clear,9.3,534,56.5,Low
2026-01-25,03:00,Sunday,Clear,10.5,112,60.7,Low
2026-01-25,04:00,Sunday,Clear,13.9,407,55.5,Low
2026-01-25,05:00,Sunday,Clear,13.7,614,53.1,Low
2026-01-25,06:00,Sunday,Clear,16.5,100,55.0,Low
2026-01-25,07:00,Sunday,Cloudy,17.4,717,55.9,Low
2026-01-25,08:00,Sunday,Cloudy,23.8,760,56.5,Low
2026-01-25,09:00,Sunday,Clear,22.6,1052,46.6,Medium
2026-01-25,10:00,Sunday,Clear,27.1,721,48.2,Low
2026-01-25,11:00,Sunday,Clear,31.6,992,50.4,Medium
2026-01-25,12:00,Sunday,Clear,29.6,706,57.2,Low
2026-01-25,13:00,Sunday,Clear,26.8,532,54.6,Low
2026-01-25,14:00,Sunday,Clear,25.6,596,52.9,Low
2026-01-25,15:00,Sunday,Clear,26.0,359,57.0,Low
2026-01-25,16:00,Sunday,Rain,22.0,706,56.1,Low
2026-01-25,17:00,Sunday,Cloudy,22.1,1015,50.8,Medium
2026-01-25,18:00,Sunday,Clear,19.4,966,48.1,Medium
2026-01-25,19:00,Sunday,Clear,13.4,1451,42.0,Medium
2026-01-25,20:00,Sunday,Cloudy,12.5,1452,42.3,Medium
2026-01-25,21:00,Sunday,Cloudy,8.5,429,57.1,Low
2026-01-25,22:00,Sunday,Clear,12.3,266,55.5,Low
2026-01-25,23:00,Sunday,Clear,8.8,400,57.6,Low
2026-01-26,00:00,Monday,Cloudy,9.1,395,51.3,Low
2026-01-26,01:00,Monday,Cloudy,9.9,322,57.5,Low
2026-01-26,02:00,Monday,Clear,4.7,423,59.0,Low
2026-01-26,03:00,Monday,Clear,12.9,434,57.2,Low
2026-01-26,04:00,Monday,Cloudy,12.2,481,53.6,Low
2026-01-26,05:00,Monday,Clear,16.5,465,57.7,Low
2026-01-26,06:00,Monday,Cloudy,19.3,393,48.9,Low
2026-01-26,07:00,Monday,Clear,20.4,1504,47.5,High
2026-01-26,08:00,Monday,Clear,22.9,1468,47.6,Medium
2026-01-26,09:00,Monday,Rain,23.1,1125,48.9,Medium
2026-01-26,10:00,Monday,Clear,30.3,1005,49.2,Medium
2026-01-26,11:00,Monday,Rain,28.2,426,59.0,Low
2026-01-26,12:00,Monday,Clear,25.8,848,52.6,Medium
2026-01-26,13:00,Monday,Cloudy,29.3,1052,45.4,Medium
2026-01-26,14:00,Monday,Clear,26.8,904,48.0,Medium
2026-01-26,15:00,Monday,Clear,22.9,771,55.6,Low
2026-01-26,16:00,Monday,Cloudy,21.6,927,48.6,Medium
2026-01-26,17:00,Monday,Clear,22.5,1632,47.4,High
2026-01-26,18:00,Monday,Clear,19.1,1776,46.4,High
2026-01-26,19:00,Monday,Cloudy,17.7,1656,39.5,High
2026-01-26,20:00,Monday,Cloudy,12.4,1630,42.2,High
2026-01-26,21:00,Monday,Fog,7.6,564,52.1,Low
2026-01-26,22:00,Monday,Clear,12.4,607,52.0,Low
2026-01-26,23:00,Monday,Clear,11.7,475,53.3,Low
2026-01-27,00:00,Tuesday,Clear,4.5,380,59.0,Low
2026-01-27,01:00,Tuesday,Fog,5.8,211,58.4,Low
2026-01-27,02:00,Tuesday,Clear,9.2,427,56.3,Low
2026-01-27,03:00,Tuesday,Cloudy,9.3,185,60.6,Low
2026-01-27,04:00,Tuesday,Clear,15.4,552,49.8,Low
2026-01-27,05:00,Tuesday,Clear,17.3,552,55.3,Low
2026-01-27,06:00,Tuesday,Rain,17.6,341,61.6,Low
2026-01-27,07:00,Tuesday,Cloudy,22.0,1295,46.9,Medium
2026-01-27,08:00,Tuesday,Clear,22.3,1156,48.1,Medium
2026-01-27,09:00,Tuesday,Rain,26.1,1134,45.6,Medium
2026-01-27,10:00,Tuesday,Fog,24.9,778,53.2,Low
2026-01-27,11:00,Tuesday,Clear,28.0,934,45.8,Medium
2026-01-27,12:00,Tuesday,Cloudy,28.0,936,55.3,Medium
2026-01-27,13:00,Tuesday,Clear,30.2,924,51.6,Medium
2026-01-27,14:00,Tuesday,Clear,27.4,1085,47.1,Medium
2026-01-27,15:00,Tuesday,Clear,23.3,989,48.0,Medium
2026-01-27,16:00,Tuesday,Cloudy,26.2,1099,50.2,Medium
2026-01-27,17:00,Tuesday,Rain,21.5,1361,48.6,Medium
2026-01-27,18:00,Tuesday,Clear,20.8,1902,41.4,High
2026-01-27,19:00,Tuesday,Clear,18.8,1902,40.4,High
2026-01-27,20:00,Tuesday,Clear,9.6,1842,44.0,High
2026-01-27,21:00,Tuesday,Cloudy,10.4,630,58.1,Low
2026-01-27,22:00,Tuesday,Cloudy,11.0,512,50.0,Low
2026-01-27,23:00,Tuesday,Cloudy,4.3,582,56.8,Low
2026-01-28,00:00,Wednesday,Clear,6.6,400,58.4,Low
2026-01-28,01:00,Wednesday,Clear,8.3,326,61.1,Low
2026-01-28,02:00,Wednesday,Cloudy,7.9,306,58.6,Low
2026-01-28,03:00,Wednesday,Rain,8.9,385,59.1,Low
2026-01-28,04:00,Wednesday,Clear,11.0,232,58.0,Low
2026-01-28,05:00,Wednesday,Clear,12.1,197,54.1,Low
2026-01-28,06:00,Wednesday,Rain,16.7,450,52.1,Low
2026-01-28,07:00,Wednesday,Clear,17.9,1365,43.8,Medium
2026-01-28,08:00,Wednesday,Clear,20.2,1402,47.2,Medium
2026-01-28,09:00,Wednesday,Rain,26.8,1113,50.7,Medium
2026-01-28,10:00,Wednesday,Clear,24.5,1053,46.5,Medium
2026-01-28,11:00,Wednesday,Cloudy,28.7,887,50.2,Medium
2026-01-28,12:00,Wednesday,Clear,28.2,1261,46.5,Medium
2026-01-28,13:00,Wednesday,Clear,28.5,967,49.4,Medium
2026-01-28,14:00,Wednesday,Clear,23.8,1089,48.7,Medium
2026-01-28,15:00,Wednesday,Clear,23.9,1153,54.7,Medium
2026-01-28,16:00,Wednesday,Clear,25.7,650,56.8,Low
2026-01-28,17:00,Wednesday,Clear,22.7,1404,46.0,Medium
2026-01-28,18:00,Wednesday,Rain,19.1,1682,43.9,High
2026-01-28,19:00,Wednesday,Clear,13.6,1665,42.1,High
2026-01-28,20:00,Wednesday,Cloudy,12.1,1517,44.4,High
2026-01-28,21:00,Wednesday,Clear,11.3,655,53.3,Low
2026-01-28,22:00,Wednesday,Cloudy,9.2,550,60.6,Low
2026-01-28,23:00,Wednesday,Cloudy,10.3,707,58.2,Low
2026-01-29,00:00,Thursday,Rain,8.7,350,50.2,Low
2026-01-29,01:00,Thursday,Cloudy,8.0,182,57.6,Low
2026-01-29,02:00,Thursday,Rain,9.2,453,54.9,Low
2026-01-29,03:00,Thursday,Rain,9.5,293,57.2,Low
2026-01-29,04:00,Thursday,Clear,12.4,541,56.1,Low
2026-01-29,05:00,Thursday,Clear,15.5,308,57.6,Low
2026-01-29,06:00,Thursday,Clear,17.4,601,50.8,Low
2026-01-29,07:00,Thursday,Clear,19.2,1306,46.4,Medium
2026-01-29,08:00,Thursday,Clear,26.5,1357,50.3,Medium
2026-01-29,09:00,Thursday,Clear,27.0,1497,41.6,Medium
2026-01-29,10:00,Thursday,Clear,27.2,1226,51.9,Medium
2026-01-29,11:00,Thursday,Cloudy,28.5,962,54.6,Medium
2026-01-29,12:00,Thursday,Clear,30.1,1228,45.6,Medium
2026-01-29,13:00,Thursday,Clear,28.7,1044,50.9,Medium
2026-01-29,14:00,Thursday,Rain,27.7,966,52.7,Medium
2026-01-29,15:00,Thursday,Clear,25.7,845,52.7,Medium
2026-01-29,16:00,Thursday,Clear,21.0,1139,46.7,Medium
2026-01-29,17:00,Thursday,Clear,18.6,1744,38.3,High
2026-01-29,18:00,Thursday,Rain,15.3,1354,47.1,Medium
2026-01-29,19:00,Thursday,Clear,14.5,1876,44.3,High
2026-01-29,20:00,Thursday,Cloudy,14.9,1545,44.8,High
2026-01-29,21:00,Thursday,Cloudy,10.8,488,52.4,Low
2026-01-29,22:00,Thursday,Clear,7.3,805,47.4,Medium
2026-01-29,23:00,Thursday,Cloudy,9.6,747,54.4,Low
2026-01-30,00:00,Friday,Cloudy,6.1,595,52.7,Low
2026-01-30,01:00,Friday,Clear,8.2,452,50.8,Low
2026-01-30,02:00,Friday,Clear,6.9,574,56.3,Low
2026-01-30,03:00,Friday,Fog,10.3,370,57.2,Low
2026-01-30,04:00,Friday,Clear,11.6,418,59.3,Low
2026-01-30,05:00,Friday,Rain,13.8,147,57.8,Low
2026-01-30,06:00,Friday,Clear,20.4,310,51.5,Low
2026-01-30,07:00,Friday,Cloudy,21.9,1423,49.8,Medium
2026-01-30,08:00,Friday,Cloudy,25.1,1633,46.6,High
2026-01-30,09:00,Friday,Clear,25.7,1421,45.9,Medium
2026-01-30,10:00,Friday,Cloudy,30.2,876,47.2,Medium
2026-01-30,11:00,Friday,Clear,26.6,1055,43.1,Medium
2026-01-30,12:00,Friday,Clear,30.2,1082,51.3,Medium
2026-01-30,13:00,Friday,Clear,30.9,1293,45.6,Medium
2026-01-30,14:00,Friday,Cloudy,27.8,925,50.8,Medium
2026-01-30,15:00,Friday,Cloudy,22.5,1101,53.0,Medium
2026-01-30,16:00,Friday,Clear,23.8,846,47.9,Medium
2026-01-30,17:00,Friday,Cloudy,21.3,2008,38.3,High
2026-01-30,18:00,Friday,Rain,19.0,1549,47.0,High
2026-01-30,19:00,Friday,Rain,16.4,1356,48.1,Medium
2026-01-30,20:00,Friday,Clear,10.8,1753,37.5,High
2026-01-30,21:00,Friday,Rain,12.0,788,56.8,Low
2026-01-30,22:00,Friday,Clear,7.7,677,56.0,Low
2026-01-30,23:00,Friday,Rain,8.9,355,58.3,Low
2026-01-31,00:00,Saturday,Rain,7.7,256,54.8,Low
2026-01-31,01:00,Saturday,Rain,10.3,262,59.8,Low
2026-01-31,02:00,Saturday,Fog,11.7,221,57.2,Low
2026-01-31,03:00,Saturday,Clear,10.0,269,55.1,Low
2026-01-31,04:00,Saturday,Clear,11.7,194,52.9,Low
2026-01-31,05:00,Saturday,Clear,14.9,261,56.7,Low
2026-01-31,06:00,Saturday,Fog,14.6,170,56.5,Low
2026-01-31,07:00,Saturday,Clear,22.7,976,49.2,Medium
2026-01-31,08:00,Saturday,Clear,25.7,879,50.1,Medium
2026-01-31,09:00,Saturday,Clear,25.7,1045,47.0,Medium
2026-01-31,10:00,Saturday,Clear,29.4,792,52.8,Low
2026-01-31,11:00,Saturday,Clear,25.5,802,49.0,Medium
2026-01-31,12:00,Saturday,Clear,26.3,746,46.9,Low
2026-01-31,13:00,Saturday,Rain,26.9,544,52.7,Low
2026-01-31,14:00,Saturday,Clear,27.7,996,53.4,Medium
2026-01-31,15:00,Saturday,Rain,26.4,621,48.0,Low
2026-01-31,16:00,Saturday,Rain,20.6,487,60.2,Low
2026-01-31,17:00,Saturday,Clear,20.4,1537,44.4,High
2026-01-31,18:00,Saturday,Clear,17.5,1508,43.3,High
2026-01-31,19:00,Saturday,Cloudy,11.5,1245,46.7,Medium
2026-01-31,20:00,Saturday,Fog,13.5,891,50.0,Medium
2026-01-31,21:00,Saturday,Cloudy,16.3,543,50.0,Low
2026-01-31,22:00,Saturday,Clear,7.6,585,50.3,Low
2026-01-31,23:00,Saturday,Clear,8.9,433,54.1,Low
2026-02-01,00:00,Sunday,Rain,8.8,196,58.2,Low
2026-02-01,01:00,Sunday,Clear,9.2,482,53.6,Low
2026-02-01,02:00,Sunday,Clear,9.6,173,59.5,Low
2026-02-01,03:00,Sunday,Clear,11.9,134,60.7,Low
2026-02-01,04:00,Sunday,Clear,12.3,380,57.1,Low
2026-02-01,05:00,Sunday,Cloudy,16.2,189,59.5,Low
2026-02-01,06:00,Sunday,Clear,16.6,260,59.9,Low
2026-02-01,07:00,Sunday,Clear,20.5,909,48.9,Medium
2026-02-01,08:00,Sunday,Clear,22.9,1183,52.9,Medium
2026-02-01,09:00,Sunday,Clear,24.7,637,52.1,Low
2026-02-01,10:00,Sunday,Clear,29.0,695,51.3,Low
2026-02-01,11:00,Sunday,Clear,25.4,865,52.0,Medium
2026-02-01,12:00,Sunday,Clear,26.7,750,52.7,Low
2026-02-01,13:00,Sunday,Clear,26.6,706,53.8,Low
2026-02-01,14:00,Sunday,Clear,23.6,704,53.7,Low
2026-02-01,15:00,Sunday,Clear,23.3,687,49.7,Low
2026-02-01,16:00,Sunday,Rain,25.9,470,56.3,Low
2026-02-01,17:00,Sunday,Clear,19.7,1452,51.0,Medium
2026-02-01,18:00,Sunday,Rain,16.7,987,54.7,Medium
2026-02-01,19:00,Sunday,Clear,15.7,1320,46.6,Medium
2026-02-01,20:00,Sunday,Fog,14.0,1109,51.0,Medium
2026-02-01,21:00,Sunday,Cloudy,8.0,629,52.3,Low
2026-02-01,22:00,Sunday,Rain,10.0,473,52.4,Low
2026-02-01,23:00,Sunday,Fog,6.4,551,58.9,Low
2026-02-02,00:00,Monday,Fog,5.8,128,58.4,Low
2026-02-02,01:00,Monday,Clear,6.7,549,53.1,Low
2026-02-02,02:00,Monday,Rain,8.4,126,55.5,Low
2026-02-02,03:00,Monday,Fog,11.5,332,47.7,Low
2026-02-02,04:00,Monday,Clear,17.2,344,59.0,Low
2026-02-02,05:00,Monday,Clear,17.0,257,62.7,Low
2026-02-02,06:00,Monday,Clear,17.5,489,51.8,Low
2026-02-02,07:00,Monday,Clear,22.4,1320,43.6,Medium
2026-02-02,08:00,Monday,Clear,23.5,1656,43.3,High
2026-02-02,09:00,Monday,Clear,21.4,1194,54.0,Medium
2026-02-02,10:00,Monday,Clear,26.9,848,50.7,Medium
2026-02-02,11:00,Monday,Cloudy,29.1,1031,50.3,Medium
2026-02-02,12:00,Monday,Rain,31.8,871,50.6,Medium
2026-02-02,13:00,Monday,Clear,29.4,981,50.5,Medium
2026-02-02,14:00,Monday,Clear,24.6,985,50.6,Medium
2026-02-02,15:00,Monday,Cloudy,23.7,960,49.8,Medium
2026-02-02,16:00,Monday,Clear,19.5,1087,48.9,Medium
2026-02-02,17:00,Monday,Clear,21.5,1737,48.3,High
2026-02-02,18:00,Monday,Clear,15.2,1897,35.4,High
2026-02-02,19:00,Monday,Rain,17.5,1335,50.6,Medium
2026-02-02,20:00,Monday,Clear,15.3,1722,39.5,High
2026-02-02,21:00,Monday,Clear,9.7,472,46.8,Low
2026-02-02,22:00,Monday,Rain,8.2,329,58.2,Low
2026-02-02,23:00,Monday,Clear,9.3,419,54.6,Low
2026-02-03,00:00,Tuesday,Rain,8.7,593,54.0,Low
2026-02-03,01:00,Tuesday,Clear,7.3,468,52.4,Low
2026-02-03,02:00,Tuesday,Fog,12.8,394,55.7,Low
2026-02-03,03:00,Tuesday,Clear,9.5,491,55.6,Low
2026-02-03,04:00,Tuesday,Cloudy,12.6,285,50.6,Low
2026-02-03,05:00,Tuesday,Rain,17.7,363,60.0,Low
2026-02-03,06:00,Tuesday,Clear,17.1,356,53.2,Low
2026-02-03,07:00,Tuesday,Cloudy,17.0,1246,48.2,Medium
2026-02-03,08:00,Tuesday,Clear,22.2,1347,42.9,Medium
2026-02-03,09:00,Tuesday,Rain,24.5,822,52.7,Medium
2026-02-03,10:00,Tuesday,Clear,27.4,961,54.5,Medium
2026-02-03,11:00,Tuesday,Clear,30.5,1030,54.6,Medium
2026-02-03,12:00,Tuesday,Cloudy,31.3,874,50.4,Medium
2026-02-03,13:00,Tuesday,Rain,28.2,930,51.1,Medium
2026-02-03,14:00,Tuesday,Clear,28.1,967,52.3,Medium
2026-02-03,15:00,Tuesday,Clear,24.1,707,53.4,Low
2026-02-03,16:00,Tuesday,Clear,22.5,987,54.7,Medium
2026-02-03,17:00,Tuesday,Clear,19.2,1956,42.2,High
2026-02-03,18:00,Tuesday,Rain,20.7,1278,47.4,Medium
2026-02-03,19:00,Tuesday,Cloudy,14.7,1600,45.1,High
2026-02-03,20:00,Tuesday,Rain,13.9,1177,46.1,Medium
2026-02-03,21:00,Tuesday,Clear,8.9,525,53.9,Low
2026-02-03,22:00,Tuesday,Clear,12.3,628,51.2,Low
2026-02-03,23:00,Tuesday,Clear,7.9,857,56.4,Medium
2026-02-04,00:00,Wednesday,Clear,7.3,323,55.0,Low
2026-02-04,01:00,Wednesday,Clear,8.1,113,62.8,Low
2026-02-04,02:00,Wednesday,Clear,9.0,404,53.9,Low
2026-02-04,03:00,Wednesday,Clear,12.9,140,63.1,Low
2026-02-04,04:00,Wednesday,Fog,9.5,371,53.2,Low
2026-02-04,05:00,Wednesday,Rain,17.3,427,49.3,Low
2026-02-04,06:00,Wednesday,Clear,20.4,359,54.6,Low
2026-02-04,07:00,Wednesday,Clear,21.9,1383,43.5,Medium
2026-02-04,08:00,Wednesday,Clear,24.4,1283,47.1,Medium
2026-02-04,09:00,Wednesday,Clear,23.8,1244,42.7,Medium
2026-02-04,10:00,Wednesday,Clear,27.2,822,53.6,Medium
2026-02-04,11:00,Wednesday,Clear,29.1,931,48.6,Medium
2026-02-04,12:00,Wednesday,Clear,31.4,870,56.0,Medium
2026-02-04,13:00,Wednesday,Clear,25.9,802,54.3,Medium
2026-02-04,14:00,Wednesday,Rain,26.0,841,50.2,Medium
2026-02-04,15:00,Wednesday,Clear,22.2,1146,50.1,Medium
2026-02-04,16:00,Wednesday,Cloudy,22.2,1127,50.2,Medium
2026-02-04,17:00,Wednesday,Clear,19.2,1620,46.5,High
2026-02-04,18:00,Wednesday,Clear,19.2,1967,43.5,High
2026-02-04,19:00,Wednesday,Clear,15.9,2142,36.7,High
2026-02-04,20:00,Wednesday,Clear,9.3,1682,46.6,High
2026-02-04,21:00,Wednesday,Clear,11.3,727,54.0,Low
2026-02-04,22:00,Wednesday,Rain,12.3,569,56.3,Low
2026-02-04,23:00,Wednesday,Clear,6.9,835,53.0,Medium
2026-02-05,00:00,Thursday,Clear,9.8,653,58.3,Low
2026-02-05,01:00,Thursday,Clear,10.2,151,56.9,Low
2026-02-05,02:00,Thursday,Cloudy,10.8,224,59.6,Low
2026-02-05,03:00,Thursday,Cloudy,8.3,422,52.8,Low
2026-02-05,04:00,Thursday,Rain,12.4,100,58.4,Low
2026-02-05,05:00,Thursday,Clear,16.5,239,63.3,Low
2026-02-05,06:00,Thursday,Clear,16.9,269,58.0,Low
2026-02-05,07:00,Thursday,Clear,20.7,1427,48.5,Medium
2026-02-05,08:00,Thursday,Clear,21.5,1400,46.6,Medium
2026-02-05,09:00,Thursday,Clear,23.5,1374,48.6,Medium
2026-02-05,10:00,Thursday,Clear,24.7,1155,54.2,Medium
2026-02-05,11:00,Thursday,Rain,28.1,845,54.7,Medium
2026-02-05,12:00,Thursday,Cloudy,27.8,987,52.1,Medium
2026-02-05,13:00,Thursday,Cloudy,25.4,914,51.0,Medium
2026-02-05,14:00,Thursday,Cloudy,29.0,763,46.5,Low
2026-02-05,15:00,Thursday,Clear,26.5,1034,51.6,Medium
2026-02-05,16:00,Thursday,Clear,26.1,901,49.9,Medium
2026-02-05,17:00,Thursday,Clear,21.1,1662,47.4,High
2026-02-05,18:00,Thursday,Clear,18.0,1754,44.3,High
2026-02-05,19:00,Thursday,Clear,20.9,1477,47.9,Medium
2026-02-05,20:00,Thursday,Cloudy,10.2,1620,43.0,High
2026-02-05,21:00,Thursday,Clear,9.7,912,43.4,Medium
2026-02-05,22:00,Thursday,Rain,8.2,677,50.8,Low
2026-02-05,23:00,Thursday,Cloudy,5.1,491,58.5,Low
2026-02-06,00:00,Friday,Clear,6.2,448,60.7,Low
2026-02-06,01:00,Friday,Cloudy,9.7,459,56.5,Low
2026-02-06,02:00,Friday,Clear,10.8,615,52.5,Low
2026-02-06,03:00,Friday,Cloudy,7.5,325,58.0,Low
2026-02-06,04:00,Friday,Clear,18.1,303,54.4,Low
2026-02-06,05:00,Friday,Clear,15.6,429,53.0,Low
2026-02-06,06:00,Friday,Clear,19.3,209,63.8,Low
2026-02-06,07:00,Friday,Clear,20.5,1537,40.0,High
2026-02-06,08:00,Friday,Rain,23.7,1242,45.2,Medium
2026-02-06,09:00,Friday,Cloudy,27.8,1125,48.3,Medium
2026-02-06,10:00,Friday,Cloudy,22.6,1071,48.2,Medium
2026-02-06,11:00,Friday,Cloudy,27.3,796,55.7,Low
2026-02-06,12:00,Friday,Cloudy,30.9,863,44.6,Medium
2026-02-06,13:00,Friday,Rain,25.3,672,52.3,Low
2026-02-06,14:00,Friday,Clear,26.5,1050,49.0,Medium
2026-02-06,15:00,Friday,Clear,24.1,1068,46.4,Medium
2026-02-06,16:00,Friday,Fog,18.9,697,50.2,Low
2026-02-06,17:00,Friday,Rain,20.1,1080,45.1,Medium
2026-02-06,18:00,Friday,Cloudy,22.0,1593,44.6,High
2026-02-06,19:00,Friday,Fog,16.4,1428,42.1,Medium
2026-02-06,20:00,Friday,Cloudy,9.4,1933,38.2,High
2026-02-06,21:00,Friday,Clear,10.2,775,50.1,Low
2026-02-06,22:00,Friday,Clear,9.5,597,57.0,Low
2026-02-06,23:00,Friday,Clear,8.9,865,49.7,Medium
2026-02-07,00:00,Saturday,Clear,8.2,181,57.6,Low
2026-02-07,01:00,Saturday,Clear,9.9,288,56.9,Low
2026-02-07,02:00,Saturday,Clear,7.8,325,60.4,Low
2026-02-07,03:00,Saturday,Clear,11.6,640,52.4,Low
2026-02-07,04:00,Saturday,Rain,11.6,359,58.1,Low
2026-02-07,05:00,Saturday,Clear,13.8,365,48.8,Low
2026-02-07,06:00,Saturday,Clear,18.4,370,60.4,Low
2026-02-07,07:00,Saturday,Fog,20.4,738,51.4,Low
2026-02-07,08:00,Saturday,Clear,20.5,1279,47.6,Medium
2026-02-07,09:00,Saturday,Rain,23.9,593,52.5,Low
2026-02-07,10:00,Saturday,Clear,27.3,931,54.1,Medium
2026-02-07,11:00,Saturday,Clear,26.5,816,55.1,Medium
2026-02-07,12:00,Saturday,Cloudy,25.0,974,50.4,Medium
2026-02-07,13:00,Saturday,Cloudy,28.8,798,48.2,Low
2026-02-07,14:00,Saturday,Clear,29.5,833,47.0,Medium
2026-02-07,15:00,Saturday,Cloudy,25.3,695,50.6,Low
2026-02-07,16:00,Saturday,Clear,22.0,667,51.7,Low
2026-02-07,17:00,Saturday,Clear,20.3,910,57.1,Medium
2026-02-07,18:00,Saturday,Clear,17.6,1378,44.0,Medium
2026-02-07,19:00,Saturday,Clear,15.4,1604,49.7,High
2026-02-07,20:00,Saturday,Rain,14.1,1022,56.1,Medium
2026-02-07,21:00,Saturday,Clear,12.1,456,54.8,Low
2026-02-07,22:00,Saturday,Clear,6.1,542,55.5,Low
2026-02-07,23:00,Saturday,Clear,8.6,671,47.0,Low
2026-02-08,00:00,Sunday,Clear,5.8,565,46.4,Low
2026-02-08,01:00,Sunday,Clear,7.7,148,57.0,Low
2026-02-08,02:00,Sunday,Clear,9.6,376,53.5,Low
2026-02-08,03:00,Sunday,Clear,13.2,250,56.9,Low
2026-02-08,04:00,Sunday,Clear,14.2,456,51.2,Low
2026-02-08,05:00,Sunday,Rain,20.7,197,57.0,Low
2026-02-08,06:00,Sunday,Clear,19.0,247,56.0,Low
2026-02-08,07:00,Sunday,Clear,21.8,1098,48.8,Medium
2026-02-08,08:00,Sunday,Clear,21.8,1211,46.2,Medium
2026-02-08,09:00,Sunday,Clear,28.3,1115,50.3,Medium
2026-02-08,10:00,Sunday,Rain,27.0,507,54.2,Low
2026-02-08,11:00,Sunday,Clear,25.5,825,44.3,Medium
2026-02-08,12:00,Sunday,Fog,28.8,475,52.2,Low
2026-02-08,13:00,Sunday,Clear,27.1,662,49.9,Low
2026-02-08,14:00,Sunday,Cloudy,21.4,634,57.1,Low
2026-02-08,15:00,Sunday,Clear,21.6,734,48.9,Low
2026-02-08,16:00,Sunday,Clear,20.2,800,55.6,Medium
2026-02-08,17:00,Sunday,Clear,19.3,1481,42.0,Medium
2026-02-08,18:00,Sunday,Clear,19.3,1474,44.5,Medium
2026-02-08,19:00,Sunday,Clear,20.3,1270,42.6,Medium
2026-02-08,20:00,Sunday,Clear,9.3,1367,46.3,Medium
2026-02-08,21:00,Sunday,Clear,10.5,621,54.2,Low
2026-02-08,22:00,Sunday,Clear,7.6,515,57.4,Low
2026-02-08,23:00,Sunday,Clear,12.6,668,53.5,Low
2026-02-09,00:00,Monday,Clear,9.9,427,59.5,Low
2026-02-09,01:00,Monday,Clear,9.1,448,56.1,Low
2026-02-09,02:00,Monday,Clear,8.2,281,55.3,Low
2026-02-09,03:00,Monday,Clear,9.4,718,56.8,Low
2026-02-09,04:00,Monday,Clear,11.5,430,51.2,Low
2026-02-09,05:00,Monday,Clear,15.6,585,53.0,Low
2026-02-09,06:00,Monday,Clear,20.7,577,53.9,Low
2026-02-09,07:00,Monday,Clear,22.6,1588,47.6,High
2026-02-09,08:00,Monday,Rain,24.3,995,49.2,Medium
2026-02-09,09:00,Monday,Clear,26.0,1707,42.9,High
2026-02-09,10:00,Monday,Clear,28.2,1117,46.4,Medium
2026-02-09,11:00,Monday,Clear,24.3,1005,50.3,Medium
2026-02-09,12:00,Monday,Rain,30.0,644,55.8,Low
2026-02-09,13:00,Monday,Fog,29.8,652,52.6,Low
2026-02-09,14:00,Monday,Cloudy,27.7,1193,48.1,Medium
2026-02-09,15:00,Monday,Clear,22.1,1284,44.3,Medium
2026-02-09,16:00,Monday,Cloudy,22.0,737,50.1,Low
2026-02-09,17:00,Monday,Cloudy,19.3,1674,45.5,High
2026-02-09,18:00,Monday,Cloudy,15.0,1536,44.6,High
2026-02-09,19:00,Monday,Clear,14.0,1678,39.9,High
2026-02-09,20:00,Monday,Rain,12.2,1457,43.7,Medium
2026-02-09,21:00,Monday,Cloudy,11.8,687,54.2,Low
2026-02-09,22:00,Monday,Clear,13.8,701,49.9,Low
2026-02-09,23:00,Monday,Clear,8.4,756,53.4,Low
2026-02-10,00:00,Tuesday,Clear,7.7,451,59.1,Low
2026-02-10,01:00,Tuesday,Rain,9.9,278,58.2,Low
2026-02-10,02:00,Tuesday,Rain,10.1,191,60.6,Low
2026-02-10,03:00,Tuesday,Clear,13.2,390,56.3,Low
2026-02-10,04:00,Tuesday,Clear,12.6,670,52.2,Low
2026-02-10,05:00,Tuesday,Clear,17.5,426,59.4,Low
2026-02-10,06:00,Tuesday,Clear,18.2,670,50.7,Low
2026-02-10,07:00,Tuesday,Rain,25.2,1130,51.2,Medium
2026-02-10,08:00,Tuesday,Clear,23.9,1540,41.7,High
2026-02-10,09:00,Tuesday,Rain,27.9,964,51.4,Medium
2026-02-10,10:00,Tuesday,Clear,26.8,1028,45.6,Medium
2026-02-10,11:00,Tuesday,Clear,29.2,978,51.1,Medium
2026-02-10,12:00,Tuesday,Cloudy,26.0,904,51.0,Medium
2026-02-10,13:00,Tuesday,Fog,27.1,584,50.2,Low
2026-02-10,14:00,Tuesday,Clear,21.2,1141,48.6,Medium
2026-02-10,15:00,Tuesday,Clear,27.2,972,50.0,Medium
2026-02-10,16:00,Tuesday,Cloudy,19.9,1211,52.1,Medium
2026-02-10,17:00,Tuesday,Clear,19.8,1874,44.5,High
2026-02-10,18:00,Tuesday,Clear,14.7,1757,42.7,High
2026-02-10,19:00,Tuesday,Clear,18.7,1918,40.5,High
2026-02-10,20:00,Tuesday,Clear,10.2,1738,44.1,High
2026-02-10,21:00,Tuesday,Clear,12.3,748,53.0,Low
2026-02-10,22:00,Tuesday,Clear,9.4,543,50.9,Low
2026-02-10,23:00,Tuesday,Cloudy,5.4,577,55.2,Low
2026-02-11,00:00,Wednesday,Clear,7.8,331,55.0,Low
2026-02-11,01:00,Wednesday,Clear,10.5,415,62.0,Low
2026-02-11,02:00,Wednesday,Rain,8.9,525,54.7,Low
2026-02-11,03:00,Wednesday,Fog,11.5,198,60.5,Low
2026-02-11,04:00,Wednesday,Clear,13.6,315,52.6,Low
2026-02-11,05:00,Wednesday,Rain,14.4,450,54.0,Low
2026-02-11,06:00,Wednesday,Clear,15.9,281,57.9,Low
2026-02-11,07:00,Wednesday,Clear,17.9,1125,45.1,Medium
2026-02-11,08:00,Wednesday,Rain,23.0,1187,46.0,Medium
2026-02-11,09:00,Wednesday,Fog,24.4,1097,48.0,Medium
2026-02-11,10:00,Wednesday,Clear,24.8,926,49.6,Medium
2026-02-11,11:00,Wednesday,Cloudy,28.2,977,54.1,Medium
2026-02-11,12:00,Wednesday,Clear,27.6,1033,54.4,Medium
2026-02-11,13:00,Wednesday,Rain,27.8,725,53.4,Low
2026-02-11,14:00,Wednesday,Clear,25.0,780,55.0,Low
2026-02-11,15:00,Wednesday,Clear,20.6,866,52.9,Medium
2026-02-11,16:00,Wednesday,Clear,25.9,1002,52.4,Medium
2026-02-11,17:00,Wednesday,Clear,23.2,1671,43.6,High
2026-02-11,18:00,Wednesday,Clear,17.0,1785,41.7,High
2026-02-11,19:00,Wednesday,Clear,16.2,1740,39.0,High
2026-02-11,20:00,Wednesday,Rain,13.8,1267,51.3,Medium
2026-02-11,21:00,Wednesday,Clear,9.8,523,56.2,Low
2026-02-11,22:00,Wednesday,Clear,9.9,829,48.0,Medium
2026-02-11,23:00,Wednesday,Cloudy,6.1,519,53.6,Low
2026-02-12,00:00,Thursday,Clear,7.1,577,53.4,Low
2026-02-12,01:00,Thursday,Clear,7.7,546,50.4,Low
2026-02-12,02:00,Thursday,Cloudy,7.4,590,52.6,Low
2026-02-12,03:00,Thursday,Clear,12.0,321,58.3,Low
2026-02-12,04:00,Thursday,Clear,12.3,520,51.5,Low
2026-02-12,05:00,Thursday,Clear,17.7,190,59.9,Low
2026-02-12,06:00,Thursday,Clear,16.9,360,53.2,Low
2026-02-12,07:00,Thursday,Clear,20.5,1447,50.5,Medium
2026-02-12,08:00,Thursday,Rain,26.1,1412,44.5,Medium
2026-02-12,09:00,Thursday,Rain,24.2,885,46.7,Medium
2026-02-12,10:00,Thursday,Cloudy,27.4,929,52.6,Medium
2026-02-12,11:00,Thursday,Rain,30.7,520,54.2,Low
2026-02-12,12:00,Thursday,Cloudy,27.7,1068,50.2,Medium
2026-02-12,13:00,Thursday,Clear,27.5,670,52.8,Low
2026-02-12,14:00,Thursday,Rain,29.7,809,50.3,Medium
2026-02-12,15:00,Thursday,Clear,27.2,941,53.6,Medium
2026-02-12,16:00,Thursday,Cloudy,23.3,1035,52.0,Medium
2026-02-12,17:00,Thursday,Rain,21.8,1266,46.9,Medium
2026-02-12,18:00,Thursday,Clear,16.9,2090,36.9,High
2026-02-12,19:00,Thursday,Cloudy,18.0,1797,39.8,High
2026-02-12,20:00,Thursday,Clear,11.7,1660,43.1,High
2026-02-12,21:00,Thursday,Clear,14.3,686,54.8,Low
2026-02-12,22:00,Thursday,Clear,9.5,842,48.5,Medium
2026-02-12,23:00,Thursday,Clear,10.0,660,52.4,Low
2026-02-13,00:00,Friday,Clear,9.5,221,58.3,Low
2026-02-13,01:00,Friday,Clear,10.8,500,59.6,Low
2026-02-13,02:00,Friday,Cloudy,5.6,509,53.2,Low
2026-02-13,03:00,Friday,Rain,11.3,247,55.2,Low
2026-02-13,04:00,Friday,Rain,9.7,525,58.2,Low
2026-02-13,05:00,Friday,Clear,15.2,480,56.5,Low
2026-02-13,06:00,Friday,Clear,15.6,362,57.3,Low
2026-02-13,07:00,Friday,Cloudy,24.3,1242,45.7,Medium
2026-02-13,08:00,Friday,Clear,24.3,1118,50.1,Medium
2026-02-13,09:00,Friday,Clear,26.8,1407,48.2,Medium
2026-02-13,10:00,Friday,Clear,25.9,894,58.5,Medium
2026-02-13,11:00,Friday,Cloudy,30.2,890,47.8,Medium
2026-02-13,12:00,Friday,Cloudy,28.2,968,46.5,Medium
2026-02-13,13:00,Friday,Cloudy,28.4,1154,53.4,Medium
2026-02-13,14:00,Friday,Clear,22.5,1053,45.2,Medium
2026-02-13,15:00,Friday,Rain,25.3,1038,47.3,Medium
2026-02-13,16:00,Friday,Clear,23.9,744,54.2,Low
2026-02-13,17:00,Friday,Rain,20.2,1040,49.7,Medium
2026-02-13,18:00,Friday,Cloudy,17.9,1628,45.5,High
2026-02-13,19:00,Friday,Clear,14.9,2046,40.6,High
2026-02-13,20:00,Friday,Clear,17.8,1856,41.1,High
2026-02-13,21:00,Friday,Clear,7.7,626,55.6,Low
2026-02-13,22:00,Friday,Clear,12.5,704,53.3,Low
2026-02-13,23:00,Friday,Clear,7.0,688,51.4,Low
2026-02-14,00:00,Saturday,Rain,7.0,100,58.8,Low
2026-02-14,01:00,Saturday,Clear,7.2,100,61.4,Low
2026-02-14,02:00,Saturday,Clear,8.8,177,58.9,Low
2026-02-14,03:00,Saturday,Fog,10.3,479,57.6,Low
2026-02-14,04:00,Saturday,Clear,11.5,622,58.6,Low
2026-02-14,05:00,Saturday,Clear,15.2,377,55.6,Low
2026-02-14,06:00,Saturday,Clear,19.7,295,59.8,Low
2026-02-14,07:00,Saturday,Clear,25.0,1189,46.9,Medium
2026-02-14,08:00,Saturday,Clear,21.1,1055,53.6,Medium
2026-02-14,09:00,Saturday,Clear,21.8,1119,49.4,Medium
2026-02-14,10:00,Saturday,Clear,27.1,598,52.5,Low
2026-02-14,11:00,Saturday,Rain,30.5,674,54.1,Low
2026-02-14,12:00,Saturday,Cloudy,27.2,597,56.3,Low
2026-02-14,13:00,Saturday,Clear,29.9,835,49.5,Medium
2026-02-14,14:00,Saturday,Clear,27.8,551,54.2,Low
2026-02-14,15:00,Saturday,Clear,24.6,691,52.2,Low
2026-02-14,16:00,Saturday,Clear,22.2,970,49.2,Medium
2026-02-14,17:00,Saturday,Clear,20.7,1546,43.9,High
2026-02-14,18:00,Saturday,Rain,18.2,883,50.6,Medium
2026-02-14,19:00,Saturday,Rain,16.9,847,55.8,Medium
2026-02-14,20:00,Saturday,Rain,11.2,829,54.8,Medium
2026-02-14,21:00,Saturday,Rain,12.5,483,53.4,Low
2026-02-14,22:00,Saturday,Cloudy,9.0,405,53.0,Low
2026-02-14,23:00,Saturday,Fog,6.2,622,56.4,Low
2026-02-15,00:00,Sunday,Fog,10.4,166,61.5,Low
2026-02-15,01:00,Sunday,Clear,8.0,471,53.0,Low
2026-02-15,02:00,Sunday,Clear,7.2,617,51.3,Low
2026-02-15,03:00,Sunday,Clear,12.4,263,51.7,Low
2026-02-15,04:00,Sunday,Clear,10.7,100,59.4,Low
2026-02-15,05:00,Sunday,Rain,14.1,271,54.0,Low
2026-02-15,06:00,Sunday,Cloudy,21.4,182,58.6,Low
2026-02-15,07:00,Sunday,Clear,15.3,1210,51.7,Medium
2026-02-15,08:00,Sunday,Clear,23.3,1043,49.8,Medium
2026-02-15,09:00,Sunday,Rain,19.6,880,56.1,Medium
2026-02-15,10:00,Sunday,Cloudy,26.4,878,44.1,Medium
2026-02-15,11:00,Sunday,Fog,26.6,522,55.5,Low
2026-02-15,12:00,Sunday,Rain,26.5,557,47.8,Low
2026-02-15,13:00,Sunday,Rain,30.3,641,52.2,Low
2026-02-15,14:00,Sunday,Clear,22.9,766,55.8,Low
2026-02-15,15:00,Sunday,Clear,24.9,705,52.2,Low
2026-02-15,16:00,Sunday,Clear,22.7,976,48.4,Medium
2026-02-15,17:00,Sunday,Clear,19.6,1323,48.2,Medium
2026-02-15,18:00,Sunday,Fog,15.3,1070,49.0,Medium
2026-02-15,19:00,Sunday,Cloudy,17.4,1324,45.2,Medium
2026-02-15,20:00,Sunday,Clear,12.8,1183,44.2,Medium
2026-02-15,21:00,Sunday,Clear,14.8,584,55.0,Low
2026-02-15,22:00,Sunday,Clear,5.9,920,53.5,Medium
2026-02-15,23:00,Sunday,Rain,7.8,558,49.7,Low
2026-02-16,00:00,Monday,Rain,8.0,384,50.9,Low
2026-02-16,01:00,Monday,Fog,7.6,356,53.2,Low
2026-02-16,02:00,Monday,Clear,8.0,164,56.0,Low
2026-02-16,03:00,Monday,Clear,11.2,474,46.7,Low
2026-02-16,04:00,Monday,Clear,11.8,361,55.9,Low
2026-02-16,05:00,Monday,Clear,16.3,406,57.6,Low
2026-02-16,06:00,Monday,Clear,17.3,153,61.7,Low
2026-02-16,07:00,Monday,Fog,22.4,1168,42.9,Medium
2026-02-16,08:00,Monday,Clear,20.6,1349,54.0,Medium
2026-02-16,09:00,Monday,Clear,25.0,1680,44.5,High
2026-02-16,10:00,Monday,Clear,29.2,908,49.7,Medium
2026-02-16,11:00,Monday,Clear,25.4,1215,46.8,Medium
2026-02-16,12:00,Monday,Clear,28.7,1204,51.2,Medium
2026-02-16,13:00,Monday,Clear,26.6,1003,45.3,Medium
2026-02-16,14:00,Monday,Clear,20.9,1088,49.3,Medium
2026-02-16,15:00,Monday,Rain,26.0,781,48.9,Low
2026-02-16,16:00,Monday,Rain,26.3,843,49.3,Medium
2026-02-16,17:00,Monday,Clear,20.1,1949,39.6,High
2026-02-16,18:00,Monday,Clear,16.5,1613,38.2,High
2026-02-16,19:00,Monday,Clear,14.2,1631,46.5,High
2026-02-16,20:00,Monday,Cloudy,9.9,1526,44.4,High
2026-02-16,21:00,Monday,Clear,6.9,610,51.0,Low
2026-02-16,22:00,Monday,Fog,6.7,241,58.5,Low
2026-02-16,23:00,Monday,Clear,8.4,873,54.2,Medium
2026-02-17,00:00,Tuesday,Cloudy,8.5,288,57.6,Low
2026-02-17,01:00,Tuesday,Cloudy,7.0,456,54.1,Low
2026-02-17,02:00,Tuesday,Clear,9.1,580,52.9,Low
2026-02-17,03:00,Tuesday,Fog,10.2,500,50.4,Low
2026-02-17,04:00,Tuesday,Clear,12.2,297,54.8,Low
2026-02-17,05:00,Tuesday,Clear,14.1,253,59.6,Low
2026-02-17,06:00,Tuesday,Clear,18.6,389,52.7,Low
2026-02-17,07:00,Tuesday,Clear,18.8,1474,46.4,Medium
2026-02-17,08:00,Tuesday,Rain,25.8,893,49.9,Medium
2026-02-17,09:00,Tuesday,Cloudy,24.7,1327,46.4,Medium
2026-02-17,10:00,Tuesday,Clear,28.8,1114,51.7,Medium
2026-02-17,11:00,Tuesday,Clear,26.5,1254,46.3,Medium
2026-02-17,12:00,Tuesday,Cloudy,30.2,1190,49.4,Medium
2026-02-17,13:00,Tuesday,Clear,30.8,690,52.1,Low
2026-02-17,14:00,Tuesday,Clear,27.0,1143,49.5,Medium
2026-02-17,15:00,Tuesday,Clear,29.6,992,45.3,Medium
2026-02-17,16:00,Tuesday,Clear,23.0,798,48.6,Low
2026-02-17,17:00,Tuesday,Clear,18.9,1860,43.5,High
2026-02-17,18:00,Tuesday,Clear,19.3,1887,39.9,High
2026-02-17,19:00,Tuesday,Cloudy,16.0,1751,46.1,High
2026-02-17,20:00,Tuesday,Cloudy,16.4,1336,46.9,Medium
2026-02-17,21:00,Tuesday,Clear,10.3,438,54.0,Low
2026-02-17,22:00,Tuesday,Clear,10.1,584,52.7,Low
2026-02-17,23:00,Tuesday,Clear,9.2,344,62.7,Low
2026-02-18,00:00,Wednesday,Clear,9.8,454,56.7,Low
2026-02-18,01:00,Wednesday,Clear,10.6,308,55.7,Low
2026-02-18,02:00,Wednesday,Clear,10.5,377,59.6,Low
2026-02-18,03:00,Wednesday,Cloudy,11.7,428,54.1,Low
2026-02-18,04:00,Wednesday,Clear,10.2,583,55.1,Low
2026-02-18,05:00,Wednesday,Clear,15.1,562,57.2,Low
2026-02-18,06:00,Wednesday,Rain,20.7,498,56.1,Low
2026-02-18,07:00,Wednesday,Fog,18.8,1101,51.5,Medium
2026-02-18,08:00,Wednesday,Clear,25.2,1331,45.6,Medium
2026-02-18,09:00,Wednesday,Clear,28.8,1241,40.1,Medium
2026-02-18,10:00,Wednesday,Rain,23.9,906,48.7,Medium
2026-02-18,11:00,Wednesday,Fog,27.7,747,45.9,Low
2026-02-18,12:00,Wednesday,Clear,30.2,1189,45.1,Medium
2026-02-18,13:00,Wednesday,Clear,29.5,1052,46.9,Medium
2026-02-18,14:00,Wednesday,Clear,28.7,1039,49.2,Medium
2026-02-18,15:00,Wednesday,Clear,27.0,1034,48.0,Medium
2026-02-18,16:00,Wednesday,Rain,22.1,523,55.7,Low
2026-02-18,17:00,Wednesday,Clear,17.4,1882,43.2,High
2026-02-18,18:00,Wednesday,Clear,17.6,1976,42.0,High
2026-02-18,19:00,Wednesday,Clear,11.4,1872,45.8,High
2026-02-18,20:00,Wednesday,Clear,12.0,1727,43.1,High
2026-02-18,21:00,Wednesday,Rain,9.7,715,53.7,Low
2026-02-18,22:00,Wednesday,Clear,11.5,443,57.8,Low
2026-02-18,23:00,Wednesday,Clear,11.1,826,55.2,Medium
2026-02-19,00:00,Thursday,Clear,6.3,348,57.7,Low
2026-02-19,01:00,Thursday,Rain,6.7,316,58.0,Low
2026-02-19,02:00,Thursday,Clear,13.1,586,56.3,Low
2026-02-19,03:00,Thursday,Rain,12.9,230,60.0,Low
2026-02-19,04:00,Thursday,Cloudy,13.4,367,56.6,Low
2026-02-19,05:00,Thursday,Clear,14.5,273,58.9,Low
2026-02-19,06:00,Thursday,Clear,19.7,398,54.6,Low
2026-02-19,07:00,Thursday,Cloudy,19.8,1462,45.4,Medium
2026-02-19,08:00,Thursday,Clear,20.5,1501,46.4,High
2026-02-19,09:00,Thursday,Clear,23.3,1279,50.4,Medium
2026-02-19,10:00,Thursday,Clear,27.1,993,47.0,Medium
2026-02-19,11:00,Thursday,Clear,25.6,762,53.6,Low
2026-02-19,12:00,Thursday,Rain,29.0,705,53.8,Low
2026-02-19,13:00,Thursday,Rain,26.2,848,51.3,Medium
2026-02-19,14:00,Thursday,Cloudy,24.8,861,49.7,Medium
2026-02-19,15:00,Thursday,Clear,24.5,973,47.5,Medium
2026-02-19,16:00,Thursday,Cloudy,20.7,1031,53.7,Medium
2026-02-19,17:00,Thursday,Clear,18.1,1977,43.7,High
2026-02-19,18:00,Thursday,Cloudy,19.9,1693,46.7,High
2026-02-19,19:00,Thursday,Fog,15.9,1515,42.2,High
2026-02-19,20:00,Thursday,Cloudy,10.8,1829,41.2,High
2026-02-19,21:00,Thursday,Cloudy,11.2,632,56.0,Low
2026-02-19,22:00,Thursday,Cloudy,5.9,375,59.5,Low
2026-02-19,23:00,Thursday,Rain,6.8,580,56.0,Low
2026-02-20,00:00,Friday,Clear,7.7,364,57.1,Low
2026-02-20,01:00,Friday,Cloudy,9.8,510,52.0,Low
2026-02-20,02:00,Friday,Clear,12.2,186,59.0,Low
2026-02-20,03:00,Friday,Clear,10.3,239,62.8,Low
2026-02-20,04:00,Friday,Clear,12.5,465,53.3,Low
2026-02-20,05:00,Friday,Cloudy,13.7,597,54.1,Low
2026-02-20,06:00,Friday,Clear,17.0,272,56.4,Low
2026-02-20,07:00,Friday,Rain,19.6,937,50.0,Medium
2026-02-20,08:00,Friday,Clear,23.1,1415,42.3,Medium
2026-02-20,09:00,Friday,Fog,24.5,1035,52.1,Medium
2026-02-20,10:00,Friday,Clear,28.1,1020,53.5,Medium
2026-02-20,11:00,Friday,Clear,27.6,1153,51.2,Medium
2026-02-20,12:00,Friday,Clear,30.7,793,51.5,Low
2026-02-20,13:00,Friday,Clear,26.4,998,50.5,Medium
2026-02-20,14:00,Friday,Rain,29.4,702,55.8,Low
2026-02-20,15:00,Friday,Clear,25.5,1245,51.5,Medium
2026-02-20,16:00,Friday,Clear,21.5,899,48.4,Medium
2026-02-20,17:00,Friday,Clear,22.9,2016,38.3,High
2026-02-20,18:00,Friday,Clear,15.7,2141,37.9,High
2026-02-20,19:00,Friday,Clear,15.4,1731,47.9,High
2026-02-20,20:00,Friday,Cloudy,14.3,1624,39.7,High
2026-02-20,21:00,Friday,Clear,11.8,864,52.6,Medium
2026-02-20,22:00,Friday,Clear,10.5,640,51.8,Low
2026-02-20,23:00,Friday,Clear,12.2,778,48.6,Low
2026-02-21,00:00,Saturday,Clear,8.0,326,65.0,Low
2026-02-21,01:00,Saturday,Rain,7.2,191,62.3,Low
2026-02-21,02:00,Saturday,Cloudy,8.9,680,52.7,Low
2026-02-21,03:00,Saturday,Clear,8.2,262,59.3,Low
2026-02-21,04:00,Saturday,Fog,17.4,323,53.5,Low
2026-02-21,05:00,Saturday,Clear,15.7,336,54.2,Low
2026-02-21,06:00,Saturday,Clear,16.6,403,55.0,Low
2026-02-21,07:00,Saturday,Rain,18.3,691,58.1,Low
2026-02-21,08:00,Saturday,Clear,20.5,1193,45.3,Medium
2026-02-21,09:00,Saturday,Fog,25.5,912,47.7,Medium
2026-02-21,10:00,Saturday,Clear,28.5,859,54.5,Medium
2026-02-21,11:00,Saturday,Rain,30.8,527,53.0,Low
2026-02-21,12:00,Saturday,Clear,29.8,919,48.8,Medium
2026-02-21,13:00,Saturday,Clear,26.2,533,53.2,Low
2026-02-21,14:00,Saturday,Clear,24.1,562,53.5,Low
2026-02-21,15:00,Saturday,Clear,25.6,826,55.6,Medium
2026-02-21,16:00,Saturday,Clear,20.0,893,54.9,Medium
2026-02-21,17:00,Saturday,Rain,19.3,1099,48.6,Medium
2026-02-21,18:00,Saturday,Clear,17.8,1583,45.6,High
2026-02-21,19:00,Saturday,Clear,16.5,1411,47.0,Medium
2026-02-21,20:00,Saturday,Clear,13.3,1173,53.9,Medium
2026-02-21,21:00,Saturday,Clear,12.9,633,54.0,Low
2026-02-21,22:00,Saturday,Cloudy,5.3,815,49.5,Medium
2026-02-21,23:00,Saturday,Cloudy,8.3,737,52.7,Low
2026-02-22,00:00,Sunday,Clear,8.8,155,58.9,Low
2026-02-22,01:00,Sunday,Cloudy,8.1,166,58.4,Low
2026-02-22,02:00,Sunday,Cloudy,10.9,191,48.8,Low
2026-02-22,03:00,Sunday,Cloudy,11.2,305,53.7,Low
2026-02-22,04:00,Sunday,Clear,12.7,176,60.0,Low
2026-02-22,05:00,Sunday,Clear,14.7,219,58.7,Low
2026-02-22,06:00,Sunday,Cloudy,20.4,196,60.0,Low
2026-02-22,07:00,Sunday,Clear,18.1,1150,49.7,Medium
2026-02-22,08:00,Sunday,Clear,23.5,1203,47.4,Medium
2026-02-22,09:00,Sunday,Clear,23.0,1204,50.4,Medium
2026-02-22,10:00,Sunday,Clear,29.4,753,52.5,Low
2026-02-22,11:00,Sunday,Fog,29.1,251,59.8,Low
2026-02-22,12:00,Sunday,Rain,21.4,439,59.2,Low
2026-02-22,13:00,Sunday,Rain,27.6,308,54.0,Low
2026-02-22,14:00,Sunday,Clear,23.6,812,51.7,Medium
2026-02-22,15:00,Sunday,Clear,28.0,710,51.7,Low
2026-02-22,16:00,Sunday,Rain,21.2,484,49.5,Low
2026-02-22,17:00,Sunday,Clear,19.8,1422,39.9,Medium
2026-02-22,18:00,Sunday,Clear,16.5,1043,49.3,Medium
2026-02-22,19:00,Sunday,Clear,16.2,1310,42.1,Medium
2026-02-22,20:00,Sunday,Cloudy,14.3,1142,48.4,Medium
2026-02-22,21:00,Sunday,Cloudy,10.3,612,48.1,Low
2026-02-22,22:00,Sunday,Clear,8.6,587,53.1,Low
2026-02-22,23:00,Sunday,Cloudy,10.1,592,53.2,Low
2026-02-23,00:00,Monday,Clear,7.9,200,60.0,Low
2026-02-23,01:00,Monday,Clear,7.9,538,51.5,Low
2026-02-23,02:00,Monday,Cloudy,8.6,401,56.1,Low
2026-02-23,03:00,Monday,Clear,13.9,329,54.4,Low
2026-02-23,04:00,Monday,Clear,13.5,640,53.0,Low
2026-02-23,05:00,Monday,Rain,13.6,474,56.9,Low
2026-02-23,06:00,Monday,Clear,16.4,356,57.3,Low
2026-02-23,07:00,Monday,Clear,21.4,1006,57.6,Medium
2026-02-23,08:00,Monday,Cloudy,23.2,1422,43.9,Medium
2026-02-23,09:00,Monday,Clear,25.2,1530,47.5,High
2026-02-23,10:00,Monday,Clear,26.1,1040,46.5,Medium
2026-02-23,11:00,Monday,Clear,26.0,988,45.1,Medium
2026-02-23,12:00,Monday,Clear,26.9,1022,49.9,Medium
2026-02-23,13:00,Monday,Clear,30.2,813,52.6,Medium
2026-02-23,14:00,Monday,Clear,28.4,747,51.6,Low
2026-02-23,15:00,Monday,Fog,24.6,697,55.9,Low
2026-02-23,16:00,Monday,Clear,23.9,880,54.8,Medium
2026-02-23,17:00,Monday,Rain,21.8,1222,49.2,Medium
2026-02-23,18:00,Monday,Clear,17.2,1874,41.9,High
2026-02-23,19:00,Monday,Clear,14.6,1834,43.6,High
2026-02-23,20:00,Monday,Clear,11.0,1546,44.5,High
2026-02-23,21:00,Monday,Clear,9.6,446,52.2,Low
2026-02-23,22:00,Monday,Cloudy,8.5,721,48.7,Low
2026-02-23,23:00,Monday,Clear,5.4,796,54.8,Low
2026-02-24,00:00,Tuesday,Clear,6.4,358,53.7,Low
2026-02-24,01:00,Tuesday,Fog,8.9,242,61.6,Low
2026-02-24,02:00,Tuesday,Clear,9.6,528,53.5,Low
2026-02-24,03:00,Tuesday,Rain,8.7,502,58.9,Low
2026-02-24,04:00,Tuesday,Rain,13.2,165,60.9,Low
2026-02-24,05:00,Tuesday,Cloudy,17.0,447,54.0,Low
2026-02-24,06:00,Tuesday,Cloudy,17.9,251,56.0,Low
2026-02-24,07:00,Tuesday,Clear,18.6,1564,37.8,High
2026-02-24,08:00,Tuesday,Cloudy,24.9,1400,44.9,Medium
2026-02-24,09:00,Tuesday,Rain,24.5,1050,53.2,Medium
2026-02-24,10:00,Tuesday,Fog,26.1,710,48.7,Low
2026-02-24,11:00,Tuesday,Rain,30.2,762,50.2,Low
2026-02-24,12:00,Tuesday,Clear,25.5,1118,51.9,Medium
2026-02-24,13:00,Tuesday,Clear,26.9,1036,53.4,Medium
2026-02-24,14:00,Tuesday,Cloudy,24.8,1050,52.7,Medium
2026-02-24,15:00,Tuesday,Clear,25.5,992,51.6,Medium
2026-02-24,16:00,Tuesday,Clear,24.0,980,52.6,Medium
2026-02-24,17:00,Tuesday,Rain,19.8,1251,46.8,Medium
2026-02-24,18:00,Tuesday,Cloudy,20.1,1606,41.8,High
2026-02-24,19:00,Tuesday,Cloudy,9.8,1558,38.2,High
2026-02-24,20:00,Tuesday,Clear,13.9,1463,43.8,Medium
2026-02-24,21:00,Tuesday,Clear,13.2,520,57.5,Low
2026-02-24,22:00,Tuesday,Clear,9.6,742,58.2,Low
2026-02-24,23:00,Tuesday,Clear,10.3,728,59.9,Low
2026-02-25,00:00,Wednesday,Clear,6.7,366,53.7,Low
2026-02-25,01:00,Wednesday,Clear,3.5,506,64.3,Low
2026-02-25,02:00,Wednesday,Clear,7.9,478,54.7,Low
2026-02-25,03:00,Wednesday,Clear,8.2,509,51.1,Low
2026-02-25,04:00,Wednesday,Cloudy,12.4,564,53.8,Low
2026-02-25,05:00,Wednesday,Fog,14.8,559,56.6,Low
2026-02-25,06:00,Wednesday,Clear,16.9,403,58.3,Low
2026-02-25,07:00,Wednesday,Fog,20.8,804,58.1,Medium
2026-02-25,08:00,Wednesday,Rain,22.1,1078,44.4,Medium
2026-02-25,09:00,Wednesday,Clear,24.7,1741,38.9,High
2026-02-25,10:00,Wednesday,Clear,26.7,810,53.4,Medium
2026-02-25,11:00,Wednesday,Clear,29.6,1109,50.5,Medium
2026-02-25,12:00,Wednesday,Fog,28.5,935,49.2,Medium
2026-02-25,13:00,Wednesday,Clear,27.7,1327,44.7,Medium
2026-02-25,14:00,Wednesday,Clear,24.9,1144,46.0,Medium
2026-02-25,15:00,Wednesday,Clear,25.3,1124,52.0,Medium
2026-02-25,16:00,Wednesday,Fog,23.0,529,52.7,Low
2026-02-25,17:00,Wednesday,Rain,16.8,1459,46.5,Medium
2026-02-25,18:00,Wednesday,Clear,17.3,1911,41.3,High
2026-02-25,19:00,Wednesday,Rain,11.4,1329,45.4,Medium
2026-02-25,20:00,Wednesday,Rain,10.5,1284,41.5,Medium
2026-02-25,21:00,Wednesday,Rain,8.4,529,59.5,Low
2026-02-25,22:00,Wednesday,Fog,8.0,551,53.2,Low
2026-02-25,23:00,Wednesday,Clear,5.1,791,47.4,Low
2026-02-26,00:00,Thursday,Cloudy,11.1,392,61.3,Low
2026-02-26,01:00,Thursday,Clear,12.4,412,52.7,Low
2026-02-26,02:00,Thursday,Clear,9.5,336,58.1,Low
2026-02-26,03:00,Thursday,Clear,11.0,412,53.7,Low
2026-02-26,04:00,Thursday,Rain,14.3,258,58.8,Low
2026-02-26,05:00,Thursday,Clear,13.0,382,55.1,Low
2026-02-26,06:00,Thursday,Clear,18.6,419,58.2,Low
2026-02-26,07:00,Thursday,Clear,19.4,1284,47.4,Medium
2026-02-26,08:00,Thursday,Rain,24.4,1228,49.2,Medium
2026-02-26,09:00,Thursday,Fog,27.2,1180,48.8,Medium
2026-02-26,10:00,Thursday,Clear,26.8,846,52.3,Medium
2026-02-26,11:00,Thursday,Clear,25.7,994,45.8,Medium
2026-02-26,12:00,Thursday,Fog,25.5,515,57.1,Low
2026-02-26,13:00,Thursday,Clear,30.8,792,50.8,Low
2026-02-26,14:00,Thursday,Fog,26.0,659,51.5,Low
2026-02-26,15:00,Thursday,Clear,26.3,958,50.4,Medium
2026-02-26,16:00,Thursday,Clear,24.2,1100,48.0,Medium
2026-02-26,17:00,Thursday,Cloudy,20.9,1768,43.7,High
2026-02-26,18:00,Thursday,Clear,19.2,1732,41.3,High
2026-02-26,19:00,Thursday,Clear,14.3,1713,44.5,High
2026-02-26,20:00,Thursday,Clear,12.2,1958,41.0,High
2026-02-26,21:00,Thursday,Rain,13.3,506,54.3,Low
2026-02-26,22:00,Thursday,Cloudy,9.1,813,48.2,Medium
2026-02-26,23:00,Thursday,Rain,9.2,394,56.0,Low
2026-02-27,00:00,Friday,Clear,5.7,401,50.2,Low
2026-02-27,01:00,Friday,Clear,7.0,386,56.2,Low
2026-02-27,02:00,Friday,Cloudy,7.6,590,51.1,Low
2026-02-27,03:00,Friday,Clear,9.8,337,53.6,Low
2026-02-27,04:00,Friday,Cloudy,8.9,543,59.2,Low
2026-02-27,05:00,Friday,Clear,11.4,432,54.3,Low
2026-02-27,06:00,Friday,Rain,16.4,100,62.0,Low
2026-02-27,07:00,Friday,Rain,20.9,994,50.7,Medium
2026-02-27,08:00,Friday,Cloudy,21.4,961,49.7,Medium
2026-02-27,09:00,Friday,Clear,27.9,1554,43.4,High
2026-02-27,10:00,Friday,Cloudy,25.5,897,51.8,Medium
2026-02-27,11:00,Friday,Clear,27.3,1357,48.9,Medium
2026-02-27,12:00,Friday,Clear,28.2,1208,50.1,Medium
2026-02-27,13:00,Friday,Clear,27.8,1054,51.0,Medium
2026-02-27,14:00,Friday,Clear,25.0,1096,49.1,Medium
2026-02-27,15:00,Friday,Cloudy,20.4,916,48.1,Medium
2026-02-27,16:00,Friday,Clear,25.6,1025,51.1,Medium
2026-02-27,17:00,Friday,Cloudy,19.6,1981,41.7,High
2026-02-27,18:00,Friday,Clear,18.8,1669,49.9,High
2026-02-27,19:00,Friday,Clear,16.2,1826,44.3,High
2026-02-27,20:00,Friday,Clear,16.2,1753,42.4,High
2026-02-27,21:00,Friday,Rain,13.8,435,51.0,Low
2026-02-27,22:00,Friday,Rain,10.0,624,52.6,Low
2026-02-27,23:00,Friday,Clear,10.0,629,49.3,Low
2026-02-28,00:00,Saturday,Clear,6.4,239,59.4,Low
2026-02-28,01:00,Saturday,Clear,4.9,487,52.8,Low
2026-02-28,02:00,Saturday,Rain,7.8,400,54.0,Low
2026-02-28,03:00,Saturday,Clear,11.9,463,53.7,Low
2026-02-28,04:00,Saturday,Clear,13.7,445,56.6,Low
2026-02-28,05:00,Saturday,Clear,12.2,120,60.9,Low
2026-02-28,06:00,Saturday,Rain,20.2,100,60.8,Low
2026-02-28,07:00,Saturday,Clear,16.4,953,52.4,Medium
2026-02-28,08:00,Saturday,Cloudy,23.6,1201,50.5,Medium
2026-02-28,09:00,Saturday,Clear,27.5,959,53.1,Medium
2026-02-28,10:00,Saturday,Clear,25.3,958,49.3,Medium
2026-02-28,11:00,Saturday,Rain,23.9,574,56.5,Low
2026-02-28,12:00,Saturday,Cloudy,29.5,565,55.2,Low
2026-02-28,13:00,Saturday,Clear,28.2,730,50.1,Low
2026-02-28,14:00,Saturday,Clear,28.6,637,59.4,Low
2026-02-28,15:00,Saturday,Clear,22.2,651,52.7,Low
2026-02-28,16:00,Saturday,Fog,22.6,805,49.0,Medium
2026-02-28,17:00,Saturday,Clear,19.7,1512,45.5,High
2026-02-28,18:00,Saturday,Clear,14.8,1245,42.1,Medium
2026-02-28,19:00,Saturday,Clear,16.5,1388,49.7,Medium
2026-02-28,20:00,Saturday,Fog,11.0,933,49.8,Medium
2026-02-28,21:00,Saturday,Clear,10.3,472,57.6,Low
2026-02-28,22:00,Saturday,Clear,10.0,662,52.6,Low
2026-02-28,23:00,Saturday,Clear,5.9,475,60.3,Low
2026-03-01,00:00,Sunday,Fog,7.7,166,60.2,Low
2026-03-01,01:00,Sunday,Clear,1.2,392,57.2,Low
2026-03-01,02:00,Sunday,Rain,10.2,278,61.0,Low
2026-03-01,03:00,Sunday,Clear,11.3,100,56.3,Low
2026-03-01,04:00,Sunday,Clear,11.7,256,55.4,Low
2026-03-01,05:00,Sunday,Clear,15.5,271,52.8,Low
2026-03-01,06:00,Sunday,Clear,19.3,420,50.3,Low
2026-03-01,07:00,Sunday,Clear,19.0,885,50.9,Medium
2026-03-01,08:00,Sunday,Clear,22.7,1328,48.1,Medium
2026-03-01,09:00,Sunday,Fog,25.1,931,49.0,Medium
2026-03-01,10:00,Sunday,Clear,28.0,589,56.2,Low
2026-03-01,11:00,Sunday,Clear,27.4,876,51.3,Medium
2026-03-01,12:00,Sunday,Rain,27.2,407,52.7,Low
2026-03-01,13:00,Sunday,Fog,28.4,400,49.5,Low
2026-03-01,14:00,Sunday,Clear,28.8,528,56.1,Low
2026-03-01,15:00,Sunday,Cloudy,24.6,428,56.7,Low
2026-03-01,16:00,Sunday,Clear,23.6,561,54.4,Low
2026-03-01,17:00,Sunday,Clear,21.8,1120,52.3,Medium
2026-03-01,18:00,Sunday,Rain,15.3,969,52.1,Medium
2026-03-01,19:00,Sunday,Clear,14.1,1243,49.5,Medium
2026-03-01,20:00,Sunday,Clear,14.4,1342,43.6,Medium
2026-03-01,21:00,Sunday,Clear,10.1,663,53.1,Low
2026-03-01,22:00,Sunday,Rain,9.0,100,54.6,Low
2026-03-01,23:00,Sunday,Clear,7.5,541,53.6,Low
2026-03-02,00:00,Monday,Clear,8.8,453,47.7,Low
2026-03-02,01:00,Monday,Fog,7.3,229,55.8,Low
2026-03-02,02:00,Monday,Clear,8.5,231,58.3,Low
2026-03-02,03:00,Monday,Clear,12.5,447,51.3,Low
2026-03-02,04:00,Monday,Cloudy,12.8,307,60.9,Low
2026-03-02,05:00,Monday,Cloudy,17.4,285,56.3,Low
2026-03-02,06:00,Monday,Clear,14.0,359,56.4,Low
2026-03-02,07:00,Monday,Clear,23.8,1444,46.3,Medium
2026-03-02,08:00,Monday,Cloudy,23.2,1241,46.0,Medium
2026-03-02,09:00,Monday,Clear,25.8,1374,51.2,Medium
2026-03-02,10:00,Monday,Clear,27.9,680,56.8,Low
2026-03-02,11:00,Monday,Fog,29.7,442,57.8,Low
2026-03-02,12:00,Monday,Fog,25.3,945,54.8,Medium
2026-03-02,13:00,Monday,Clear,25.2,1064,45.5,Medium
2026-03-02,14:00,Monday,Clear,29.1,663,58.1,Low
2026-03-02,15:00,Monday,Rain,24.3,774,48.1,Low
2026-03-02,16:00,Monday,Rain,23.6,793,50.2,Low
2026-03-02,17:00,Monday,Clear,17.1,1765,41.9,High
2026-03-02,18:00,Monday,Rain,21.6,1478,44.5,Medium
2026-03-02,19:00,Monday,Cloudy,16.8,1785,44.0,High
2026-03-02,20:00,Monday,Clear,14.2,1461,43.4,Medium
2026-03-02,21:00,Monday,Rain,9.4,396,54.2,Low
2026-03-02,22:00,Monday,Clear,8.6,781,51.5,Low
2026-03-02,23:00,Monday,Cloudy,7.1,862,52.0,Medium
2026-03-03,00:00,Tuesday,Fog,8.9,515,53.1,Low
2026-03-03,01:00,Tuesday,Fog,8.3,161,57.3,Low
2026-03-03,02:00,Tuesday,Cloudy,10.6,135,54.6,Low
2026-03-03,03:00,Tuesday,Rain,15.2,245,52.5,Low
2026-03-03,04:00,Tuesday,Clear,15.3,497,60.0,Low
2026-03-03,05:00,Tuesday,Clear,13.0,374,58.2,Low
2026-03-03,06:00,Tuesday,Cloudy,20.1,374,58.6,Low
2026-03-03,07:00,Tuesday,Clear,20.7,1243,47.5,Medium
2026-03-03,08:00,Tuesday,Rain,23.8,1012,55.9,Medium
2026-03-03,09:00,Tuesday,Cloudy,25.5,1370,43.3,Medium
2026-03-03,10:00,Tuesday,Clear,24.2,998,48.6,Medium
2026-03-03,11:00,Tuesday,Clear,25.4,899,51.6,Medium
2026-03-03,12:00,Tuesday,Clear,28.6,808,54.4,Medium
2026-03-03,13:00,Tuesday,Cloudy,31.7,1125,46.6,Medium
2026-03-03,14:00,Tuesday,Clear,31.0,964,45.8,Medium
2026-03-03,15:00,Tuesday,Clear,27.0,886,52.3,Medium
2026-03-03,16:00,Tuesday,Clear,25.3,1047,45.2,Medium
2026-03-03,17:00,Tuesday,Clear,22.0,1767,45.2,High
2026-03-03,18:00,Tuesday,Cloudy,17.7,1825,42.0,High
2026-03-03,19:00,Tuesday,Rain,12.6,1448,50.8,Medium
2026-03-03,20:00,Tuesday,Rain,13.2,1192,47.4,Medium
2026-03-03,21:00,Tuesday,Clear,12.9,674,52.3,Low
2026-03-03,22:00,Tuesday,Clear,9.2,726,58.7,Low
2026-03-03,23:00,Tuesday,Clear,7.4,957,50.1,Medium
2026-03-04,00:00,Wednesday,Rain,11.0,466,56.4,Low
2026-03-04,01:00,Wednesday,Clear,7.4,422,56.7,Low
2026-03-04,02:00,Wednesday,Cloudy,8.7,160,62.4,Low
2026-03-04,03:00,Wednesday,Clear,12.1,517,53.2,Low
2026-03-04,04:00,Wednesday,Clear,9.1,340,61.4,Low
2026-03-04,05:00,Wednesday,Clear,16.5,617,56.6,Low
2026-03-04,06:00,Wednesday,Cloudy,14.6,335,56.3,Low
2026-03-04,07:00,Wednesday,Rain,17.3,1256,45.4,Medium
2026-03-04,08:00,Wednesday,Clear,23.5,1398,43.9,Medium
2026-03-04,09:00,Wednesday,Clear,26.4,1326,42.4,Medium
2026-03-04,10:00,Wednesday,Cloudy,25.2,1058,49.9,Medium
2026-03-04,11:00,Wednesday,Clear,29.2,1374,46.4,Medium
2026-03-04,12:00,Wednesday,Clear,30.6,469,56.7,Low
2026-03-04,13:00,Wednesday,Clear,26.7,1053,48.0,Medium
2026-03-04,14:00,Wednesday,Rain,26.4,826,51.9,Medium
2026-03-04,15:00,Wednesday,Clear,22.8,915,46.4,Medium
2026-03-04,16:00,Wednesday,Clear,22.6,1213,46.3,Medium
2026-03-04,17:00,Wednesday,Clear,19.1,1849,38.4,High
2026-03-04,18:00,Wednesday,Clear,18.6,1820,40.2,High
2026-03-04,19:00,Wednesday,Clear,14.7,1784,44.0,High
2026-03-04,20:00,Wednesday,Clear,11.8,1788,36.1,High
2026-03-04,21:00,Wednesday,Clear,12.0,846,52.4,Medium
2026-03-04,22:00,Wednesday,Cloudy,11.9,625,48.3,Low
2026-03-04,23:00,Wednesday,Clear,8.9,828,52.9,Medium
2026-03-05,00:00,Thursday,Clear,8.7,447,54.9,Low
2026-03-05,01:00,Thursday,Rain,9.1,383,50.5,Low
2026-03-05,02:00,Thursday,Clear,6.1,344,58.3,Low
2026-03-05,03:00,Thursday,Clear,8.9,332,53.0,Low
2026-03-05,04:00,Thursday,Clear,10.3,234,58.0,Low
2026-03-05,05:00,Thursday,Clear,16.1,553,53.9,Low
2026-03-05,06:00,Thursday,Clear,18.4,349,60.4,Low
2026-03-05,07:00,Thursday,Clear,24.5,1450,42.5,Medium
2026-03-05,08:00,Thursday,Clear,29.2,1442,45.9,Medium
2026-03-05,09:00,Thursday,Rain,25.0,992,50.7,Medium
2026-03-05,10:00,Thursday,Clear,24.2,996,43.2,Medium
2026-03-05,11:00,Thursday,Cloudy,27.2,920,47.7,Medium
2026-03-05,12:00,Thursday,Clear,29.9,898,45.3,Medium
2026-03-05,13:00,Thursday,Clear,28.2,1016,48.9,Medium
2026-03-05,14:00,Thursday,Clear,23.5,1425,44.6,Medium
2026-03-05,15:00,Thursday,Clear,25.4,1104,46.5,Medium
2026-03-05,16:00,Thursday,Clear,20.2,1054,42.9,Medium
2026-03-05,17:00,Thursday,Clear,21.1,1868,47.6,High
2026-03-05,18:00,Thursday,Rain,21.2,1221,56.2,Medium
2026-03-05,19:00,Thursday,Clear,10.6,1556,36.9,High
2026-03-05,20:00,Thursday,Cloudy,12.7,1776,42.2,High
2026-03-05,21:00,Thursday,Clear,9.7,776,50.3,Low
2026-03-05,22:00,Thursday,Fog,10.1,664,59.1,Low
2026-03-05,23:00,Thursday,Rain,4.0,179,57.1,Low
2026-03-06,00:00,Friday,Clear,5.4,449,56.4,Low
2026-03-06,01:00,Friday,Cloudy,9.7,412,53.4,Low
2026-03-06,02:00,Friday,Clear,9.4,276,61.9,Low
2026-03-06,03:00,Friday,Clear,7.5,212,57.1,Low
2026-03-06,04:00,Friday,Fog,16.7,409,54.0,Low
2026-03-06,05:00,Friday,Fog,14.9,230,52.7,Low
2026-03-06,06:00,Friday,Cloudy,14.5,423,56.7,Low
2026-03-06,07:00,Friday,Clear,21.9,1427,44.5,Medium
2026-03-06,08:00,Friday,Clear,19.6,1219,49.8,Medium
2026-03-06,09:00,Friday,Fog,22.9,1173,44.7,Medium
2026-03-06,10:00,Friday,Clear,23.4,947,50.4,Medium
2026-03-06,11:00,Friday,Clear,30.3,861,49.7,Medium
2026-03-06,12:00,Friday,Clear,26.2,1094,46.3,Medium
2026-03-06,13:00,Friday,Clear,30.8,666,51.8,Low
2026-03-06,14:00,Friday,Clear,28.8,811,48.2,Medium
2026-03-06,15:00,Friday,Clear,27.0,914,49.1,Medium
2026-03-06,16:00,Friday,Clear,22.7,1032,47.4,Medium
2026-03-06,17:00,Friday,Clear,18.7,1704,43.6,High
2026-03-06,18:00,Friday,Clear,15.3,1984,41.6,High
2026-03-06,19:00,Friday,Clear,18.9,1677,44.2,High
2026-03-06,20:00,Friday,Clear,9.7,1732,45.6,High
2026-03-06,21:00,Friday,Fog,11.5,338,61.6,Low
2026-03-06,22:00,Friday,Clear,9.1,446,57.7,Low
2026-03-06,23:00,Friday,Clear,7.9,490,50.5,Low
2026-03-07,00:00,Saturday,Rain,10.4,460,58.5,Low
2026-03-07,01:00,Saturday,Clear,7.3,305,60.2,Low
2026-03-07,02:00,Saturday,Clear,13.5,294,51.1,Low
2026-03-07,03:00,Saturday,Clear,9.6,273,48.6,Low
2026-03-07,04:00,Saturday,Clear,11.4,565,54.7,Low
2026-03-07,05:00,Saturday,Rain,16.4,189,55.4,Low
2026-03-07,06:00,Saturday,Clear,20.2,331,55.5,Low
2026-03-07,07:00,Saturday,Cloudy,21.6,1185,48.6,Medium
2026-03-07,08:00,Saturday,Clear,23.3,890,50.8,Medium
2026-03-07,09:00,Saturday,Clear,26.3,1150,49.0,Medium
2026-03-07,10:00,Saturday,Rain,27.2,427,54.0,Low
2026-03-07,11:00,Saturday,Clear,29.4,765,45.4,Low
2026-03-07,12:00,Saturday,Clear,26.3,948,54.6,Medium
2026-03-07,13:00,Saturday,Clear,31.2,551,56.8,Low
2026-03-07,14:00,Saturday,Clear,26.1,689,56.8,Low
2026-03-07,15:00,Saturday,Cloudy,25.1,622,57.3,Low
2026-03-07,16:00,Saturday,Clear,20.5,685,53.6,Low
2026-03-07,17:00,Saturday,Fog,19.3,972,52.7,Medium
2026-03-07,18:00,Saturday,Rain,18.5,1030,54.9,Medium
2026-03-07,19:00,Saturday,Clear,13.5,1228,54.0,Medium
2026-03-07,20:00,Saturday,Clear,19.5,1484,47.0,Medium
2026-03-07,21:00,Saturday,Cloudy,12.5,549,52.7,Low
2026-03-07,22:00,Saturday,Clear,9.1,468,51.8,Low
2026-03-07,23:00,Saturday,Cloudy,8.6,746,54.4,Low
2026-03-08,00:00,Sunday,Rain,10.0,406,56.2,Low
2026-03-08,01:00,Sunday,Cloudy,6.3,523,53.1,Low
2026-03-08,02:00,Sunday,Clear,10.3,413,58.7,Low
2026-03-08,03:00,Sunday,Clear,8.5,429,56.2,Low
2026-03-08,04:00,Sunday,Clear,10.9,383,51.7,Low
2026-03-08,05:00,Sunday,Clear,17.7,158,56.8,Low
2026-03-08,06:00,Sunday,Rain,15.1,138,52.9,Low
2026-03-08,07:00,Sunday,Cloudy,19.5,988,51.5,Medium
2026-03-08,08:00,Sunday,Rain,20.6,821,52.2,Medium
2026-03-08,09:00,Sunday,Cloudy,29.0,975,53.1,Medium
2026-03-08,10:00,Sunday,Rain,26.5,811,47.0,Medium
2026-03-08,11:00,Sunday,Fog,29.6,552,54.8,Low
2026-03-08,12:00,Sunday,Clear,26.9,773,52.1,Low
2026-03-08,13:00,Sunday,Clear,26.8,504,53.7,Low
2026-03-08,14:00,Sunday,Clear,27.0,1044,47.7,Medium
2026-03-08,15:00,Sunday,Clear,23.0,873,53.7,Medium
2026-03-08,16:00,Sunday,Cloudy,22.4,1020,48.7,Medium
2026-03-08,17:00,Sunday,Cloudy,20.8,1282,51.8,Medium
2026-03-08,18:00,Sunday,Clear,19.7,1148,50.8,Medium
2026-03-08,19:00,Sunday,Clear,16.2,1401,50.5,Medium
2026-03-08,20:00,Sunday,Rain,16.5,1430,50.3,Medium
2026-03-08,21:00,Sunday,Fog,11.9,427,57.9,Low
2026-03-08,22:00,Sunday,Cloudy,7.5,492,57.4,Low
2026-03-08,23:00,Sunday,Clear,10.0,655,52.0,Low
2026-03-09,00:00,Monday,Clear,7.3,480,57.2,Low
2026-03-09,01:00,Monday,Cloudy,8.6,636,51.3,Low
2026-03-09,02:00,Monday,Clear,10.8,592,52.7,Low
2026-03-09,03:00,Monday,Clear,10.6,632,54.6,Low
2026-03-09,04:00,Monday,Clear,10.4,301,54.7,Low
2026-03-09,05:00,Monday,Fog,15.2,359,56.3,Low
2026-03-09,06:00,Monday,Clear,18.8,436,57.7,Low
2026-03-09,07:00,Monday,Clear,20.3,1228,48.0,Medium
2026-03-09,08:00,Monday,Clear,24.4,1434,47.5,Medium
2026-03-09,09:00,Monday,Clear,22.9,1229,48.8,Medium
2026-03-09,10:00,Monday,Cloudy,26.0,669,49.8,Low
2026-03-09,11:00,Monday,Cloudy,28.4,1106,45.1,Medium
2026-03-09,12:00,Monday,Clear,26.5,1057,44.8,Medium
2026-03-09,13:00,Monday,Cloudy,26.8,1032,48.6,Medium
2026-03-09,14:00,Monday,Rain,27.6,565,53.7,Low
2026-03-09,15:00,Monday,Cloudy,23.5,1125,53.2,Medium
2026-03-09,16:00,Monday,Clear,21.4,962,50.5,Medium
2026-03-09,17:00,Monday,Cloudy,24.2,1589,40.7,High
2026-03-09,18:00,Monday,Clear,18.1,1803,33.5,High
2026-03-09,19:00,Monday,Clear,17.7,1797,44.1,High
2026-03-09,20:00,Monday,Clear,15.7,2131,37.6,High
2026-03-09,21:00,Monday,Cloudy,8.1,549,51.9,Low
2026-03-09,22:00,Monday,Clear,7.9,648,54.5,Low
2026-03-09,23:00,Monday,Rain,7.2,501,52.2,Low
2026-03-10,00:00,Tuesday,Clear,4.6,416,50.0,Low
2026-03-10,01:00,Tuesday,Clear,10.1,636,51.8,Low
2026-03-10,02:00,Tuesday,Clear,10.8,111,54.9,Low
2026-03-10,03:00,Tuesday,Rain,10.1,276,53.6,Low
2026-03-10,04:00,Tuesday,Cloudy,11.1,609,54.5,Low
2026-03-10,05:00,Tuesday,Clear,17.5,390,53.9,Low
2026-03-10,06:00,Tuesday,Rain,20.2,358,53.3,Low
2026-03-10,07:00,Tuesday,Clear,20.6,1562,41.2,High
2026-03-10,08:00,Tuesday,Cloudy,22.9,1046,44.2,Medium
2026-03-10,09:00,Tuesday,Clear,21.9,1355,45.4,Medium
2026-03-10,10:00,Tuesday,Clear,23.7,1153,44.7,Medium
2026-03-10,11:00,Tuesday,Clear,24.9,1343,52.2,Medium
2026-03-10,12:00,Tuesday,Cloudy,31.2,768,58.8,Low
2026-03-10,13:00,Tuesday,Rain,23.9,678,49.3,Low
2026-03-10,14:00,Tuesday,Clear,24.5,953,54.7,Medium
2026-03-10,15:00,Tuesday,Clear,25.1,1179,48.1,Medium
2026-03-10,16:00,Tuesday,Cloudy,19.6,939,51.2,Medium
2026-03-10,17:00,Tuesday,Clear,22.5,1924,38.9,High
2026-03-10,18:00,Tuesday,Clear,17.1,1992,43.2,High
2026-03-10,19:00,Tuesday,Clear,15.4,1705,43.1,High
2026-03-10,20:00,Tuesday,Clear,14.6,1632,49.0,High
2026-03-10,21:00,Tuesday,Cloudy,8.8,574,55.8,Low
2026-03-10,22:00,Tuesday,Rain,10.4,735,49.0,Low
2026-03-10,23:00,Tuesday,Clear,6.7,1095,50.0,Medium
2026-03-11,00:00,Wednesday,Clear,3.5,339,58.9,Low
2026-03-11,01:00,Wednesday,Clear,8.9,249,56.5,Low
2026-03-11,02:00,Wednesday,Cloudy,9.9,401,56.4,Low
2026-03-11,03:00,Wednesday,Clear,9.6,411,58.8,Low
2026-03-11,04:00,Wednesday,Cloudy,12.4,419,53.5,Low
2026-03-11,05:00,Wednesday,Clear,14.6,339,56.9,Low
2026-03-11,06:00,Wednesday,Clear,17.8,331,53.6,Low
2026-03-11,07:00,Wednesday,Rain,21.4,868,51.5,Medium
2026-03-11,08:00,Wednesday,Rain,24.6,1185,45.4,Medium
2026-03-11,09:00,Wednesday,Clear,26.4,1243,49.7,Medium
2026-03-11,10:00,Wednesday,Clear,28.0,1099,53.3,Medium
2026-03-11,11:00,Wednesday,Rain,27.2,571,56.3,Low
2026-03-11,12:00,Wednesday,Clear,26.6,947,47.9,Medium
2026-03-11,13:00,Wednesday,Clear,26.3,1143,52.0,Medium
2026-03-11,14:00,Wednesday,Clear,26.9,1116,52.7,Medium
2026-03-11,15:00,Wednesday,Clear,23.7,989,50.2,Medium
2026-03-11,16:00,Wednesday,Rain,27.1,632,55.8,Low
2026-03-11,17:00,Wednesday,Cloudy,18.4,2058,37.8,High
2026-03-11,18:00,Wednesday,Clear,18.0,1946,41.7,High
2026-03-11,19:00,Wednesday,Clear,16.3,1726,38.5,High
2026-03-11,20:00,Wednesday,Rain,13.3,1117,47.2,Medium
2026-03-11,21:00,Wednesday,Cloudy,13.2,598,53.2,Low
2026-03-11,22:00,Wednesday,Cloudy,8.8,591,52.9,Low
2026-03-11,23:00,Wednesday,Fog,10.2,421,55.4,Low
2026-03-12,00:00,Thursday,Cloudy,9.9,473,50.3,Low
2026-03-12,01:00,Thursday,Clear,6.3,816,48.7,Medium
2026-03-12,02:00,Thursday,Cloudy,9.3,328,54.9,Low
2026-03-12,03:00,Thursday,Clear,7.0,102,54.5,Low
2026-03-12,04:00,Thursday,Cloudy,14.8,455,57.3,Low
2026-03-12,05:00,Thursday,Clear,12.6,363,49.5,Low
2026-03-12,06:00,Thursday,Clear,17.3,330,57.6,Low
2026-03-12,07:00,Thursday,Cloudy,19.2,1304,50.3,Medium
2026-03-12,08:00,Thursday,Clear,23.1,1464,44.6,Medium
2026-03-12,09:00,Thursday,Clear,22.4,1322,46.4,Medium
2026-03-12,10:00,Thursday,Rain,24.1,815,57.0,Medium
2026-03-12,11:00,Thursday,Cloudy,27.6,658,53.4,Low
2026-03-12,12:00,Thursday,Fog,26.1,1059,52.3,Medium
2026-03-12,13:00,Thursday,Clear,25.8,1017,46.0,Medium
2026-03-12,14:00,Thursday,Clear,24.9,1044,45.7,Medium
2026-03-12,15:00,Thursday,Clear,26.9,945,52.1,Medium
2026-03-12,16:00,Thursday,Cloudy,23.7,962,54.8,Medium
2026-03-12,17:00,Thursday,Clear,18.5,1865,41.1,High
2026-03-12,18:00,Thursday,Clear,16.7,1745,45.4,High
2026-03-12,19:00,Thursday,Clear,18.1,1873,40.6,High
2026-03-12,20:00,Thursday,Clear,13.5,1552,46.2,High
2026-03-12,21:00,Thursday,Clear,9.2,902,49.6,Medium
2026-03-12,22:00,Thursday,Fog,8.9,407,49.0,Low
2026-03-12,23:00,Thursday,Clear,7.6,720,51.8,Low
2026-03-13,00:00,Friday,Clear,9.0,325,56.6,Low
2026-03-13,01:00,Friday,Clear,11.2,192,60.8,Low
2026-03-13,02:00,Friday,Clear,8.5,310,57.0,Low
2026-03-13,03:00,Friday,Clear,12.4,359,59.3,Low
2026-03-13,04:00,Friday,Clear,12.0,213,61.3,Low
2026-03-13,05:00,Friday,Clear,13.1,295,57.4,Low
2026-03-13,06:00,Friday,Clear,19.3,379,60.7,Low
2026-03-13,07:00,Friday,Clear,18.3,1272,45.8,Medium
2026-03-13,08:00,Friday,Clear,18.9,1549,53.1,High
2026-03-13,09:00,Friday,Clear,25.7,1555,41.7,High
2026-03-13,10:00,Friday,Rain,26.1,863,45.2,Medium
2026-03-13,11:00,Friday,Clear,29.2,1105,56.4,Medium
2026-03-13,12:00,Friday,Clear,30.8,965,47.8,Medium
2026-03-13,13:00,Friday,Clear,28.0,1143,50.6,Medium
2026-03-13,14:00,Friday,Cloudy,27.6,832,46.4,Medium
2026-03-13,15:00,Friday,Cloudy,23.2,1015,45.7,Medium
2026-03-13,16:00,Friday,Rain,20.5,1017,48.6,Medium
2026-03-13,17:00,Friday,Fog,21.8,1630,45.2,High
2026-03-13,18:00,Friday,Clear,19.1,1695,47.0,High
2026-03-13,19:00,Friday,Cloudy,12.3,1595,43.1,High
2026-03-13,20:00,Friday,Clear,14.2,2181,38.4,High
2026-03-13,21:00,Friday,Clear,14.3,647,53.3,Low
2026-03-13,22:00,Friday,Clear,11.1,438,55.0,Low
2026-03-13,23:00,Friday,Clear,10.7,702,50.6,Low
2026-03-14,00:00,Saturday,Fog,7.1,270,59.0,Low
2026-03-14,01:00,Saturday,Rain,7.0,456,59.2,Low
2026-03-14,02:00,Saturday,Clear,10.3,382,58.8,Low
2026-03-14,03:00,Saturday,Clear,8.9,222,54.7,Low
2026-03-14,04:00,Saturday,Clear,6.5,479,50.5,Low
2026-03-14,05:00,Saturday,Clear,18.5,358,58.2,Low
2026-03-14,06:00,Saturday,Rain,15.8,222,54.8,Low
2026-03-14,07:00,Saturday,Clear,21.9,1033,53.0,Medium
2026-03-14,08:00,Saturday,Cloudy,25.4,1069,53.6,Medium
2026-03-14,09:00,Saturday,Clear,24.4,1046,51.7,Medium
2026-03-14,10:00,Saturday,Clear,27.8,827,47.8,Medium
2026-03-14,11:00,Saturday,Clear,28.1,1071,47.9,Medium
2026-03-14,12:00,Saturday,Rain,25.2,595,50.6,Low
2026-03-14,13:00,Saturday,Clear,25.7,706,53.7,Low
2026-03-14,14:00,Saturday,Clear,28.8,322,55.9,Low
2026-03-14,15:00,Saturday,Cloudy,28.2,580,55.0,Low
2026-03-14,16:00,Saturday,Clear,18.9,563,55.9,Low
2026-03-14,17:00,Saturday,Clear,23.7,1274,45.4,Medium
2026-03-14,18:00,Saturday,Clear,19.0,948,52.0,Medium
2026-03-14,19:00,Saturday,Rain,13.4,1003,44.9,Medium
2026-03-14,20:00,Saturday,Fog,14.9,824,52.4,Medium
2026-03-14,21:00,Saturday,Clear,9.3,627,56.6,Low
2026-03-14,22:00,Saturday,Clear,11.6,501,55.0,Low
2026-03-14,23:00,Saturday,Rain,9.5,557,61.5,Low
2026-03-15,00:00,Sunday,Clear,8.1,100,56.3,Low
2026-03-15,01:00,Sunday,Fog,4.1,141,52.4,Low
2026-03-15,02:00,Sunday,Clear,12.4,361,57.1,Low
2026-03-15,03:00,Sunday,Clear,8.7,240,55.3,Low
2026-03-15,04:00,Sunday,Clear,12.4,249,55.5,Low
2026-03-15,05:00,Sunday,Rain,15.7,165,58.2,Low
2026-03-15,06:00,Sunday,Cloudy,14.8,196,59.8,Low
2026-03-15,07:00,Sunday,Clear,18.3,1132,45.9,Medium
2026-03-15,08:00,Sunday,Clear,24.3,1212,48.9,Medium
2026-03-15,09:00,Sunday,Clear,23.7,859,56.0,Medium
2026-03-15,10:00,Sunday,Fog,27.1,587,53.3,Low
2026-03-15,11:00,Sunday,Rain,28.6,692,45.0,Low
2026-03-15,12:00,Sunday,Clear,27.1,490,55.4,Low
2026-03-15,13:00,Sunday,Cloudy,27.5,748,50.5,Low
2026-03-15,14:00,Sunday,Cloudy,26.9,699,53.5,Low
2026-03-15,15:00,Sunday,Cloudy,25.7,717,50.1,Low
2026-03-15,16:00,Sunday,Clear,24.0,676,53.0,Low
2026-03-15,17:00,Sunday,Rain,18.4,1014,50.3,Medium
2026-03-15,18:00,Sunday,Clear,16.5,1083,45.8,Medium
2026-03-15,19:00,Sunday,Fog,13.5,1150,46.4,Medium
2026-03-15,20:00,Sunday,Clear,14.5,1376,43.6,Medium
2026-03-15,21:00,Sunday,Cloudy,9.8,648,56.9,Low
2026-03-15,22:00,Sunday,Clear,9.2,644,53.1,Low
2026-03-15,23:00,Sunday,Clear,10.7,487,51.6,Low
2026-03-16,00:00,Monday,Clear,7.9,340,58.7,Low
2026-03-16,01:00,Monday,Cloudy,10.5,595,54.9,Low
2026-03-16,02:00,Monday,Clear,7.7,339,56.4,Low
2026-03-16,03:00,Monday,Rain,12.9,561,57.0,Low
2026-03-16,04:00,Monday,Rain,10.9,549,58.7,Low
2026-03-16,05:00,Monday,Clear,15.5,278,56.5,Low
2026-03-16,06:00,Monday,Rain,18.5,194,52.9,Low
2026-03-16,07:00,Monday,Cloudy,17.4,1352,44.4,Medium
2026-03-16,08:00,Monday,Cloudy,22.2,1386,47.0,Medium
2026-03-16,09:00,Monday,Rain,26.6,1490,42.0,Medium
2026-03-16,10:00,Monday,Rain,26.4,887,49.0,Medium
2026-03-16,11:00,Monday,Clear,24.6,849,48.7,Medium
2026-03-16,12:00,Monday,Rain,28.4,675,51.8,Low
2026-03-16,13:00,Monday,Clear,25.6,1134,46.4,Medium
2026-03-16,14:00,Monday,Rain,26.3,524,58.0,Low
2026-03-16,15:00,Monday,Cloudy,24.9,1259,47.9,Medium
2026-03-16,16:00,Monday,Rain,23.0,748,53.2,Low
2026-03-16,17:00,Monday,Clear,21.4,1481,46.4,Medium
2026-03-16,18:00,Monday,Clear,16.1,2071,41.4,High
2026-03-16,19:00,Monday,Clear,16.3,1467,41.8,Medium
2026-03-16,20:00,Monday,Cloudy,14.5,1514,44.2,High
2026-03-16,21:00,Monday,Rain,12.9,705,53.0,Low
2026-03-16,22:00,Monday,Clear,6.3,807,50.7,Medium
2026-03-16,23:00,Monday,Cloudy,9.8,500,57.1,Low
2026-03-17,00:00,Tuesday,Clear,4.8,295,58.7,Low
2026-03-17,01:00,Tuesday,Clear,9.4,630,58.4,Low
2026-03-17,02:00,Tuesday,Rain,6.1,217,58.6,Low
2026-03-17,03:00,Tuesday,Clear,7.5,270,56.9,Low
2026-03-17,04:00,Tuesday,Cloudy,11.8,292,52.8,Low
2026-03-17,05:00,Tuesday,Clear,14.5,274,50.9,Low
2026-03-17,06:00,Tuesday,Clear,17.1,339,56.1,Low
2026-03-17,07:00,Tuesday,Clear,22.6,1399,44.4,Medium
2026-03-17,08:00,Tuesday,Clear,26.5,1475,43.6,Medium
2026-03-17,09:00,Tuesday,Rain,23.6,825,51.7,Medium
2026-03-17,10:00,Tuesday,Clear,24.9,936,51.5,Medium
2026-03-17,11:00,Tuesday,Clear,31.3,1057,45.9,Medium
2026-03-17,12:00,Tuesday,Clear,24.6,1119,48.6,Medium
2026-03-17,13:00,Tuesday,Clear,27.4,1280,44.6,Medium
2026-03-17,14:00,Tuesday,Clear,26.7,953,51.8,Medium
2026-03-17,15:00,Tuesday,Clear,25.3,1379,43.2,Medium
2026-03-17,16:00,Tuesday,Rain,22.0,892,48.7,Medium
2026-03-17,17:00,Tuesday,Clear,18.8,1803,47.1,High
2026-03-17,18:00,Tuesday,Clear,19.7,1893,44.0,High
2026-03-17,19:00,Tuesday,Clear,12.9,2090,39.9,High
2026-03-17,20:00,Tuesday,Rain,9.0,1343,44.2,Medium
2026-03-17,21:00,Tuesday,Clear,12.4,761,54.4,Low
2026-03-17,22:00,Tuesday,Clear,8.1,520,52.3,Low
2026-03-17,23:00,Tuesday,Cloudy,7.2,619,48.9,Low
2026-03-18,00:00,Wednesday,Clear,7.9,431,60.8,Low
2026-03-18,01:00,Wednesday,Clear,11.4,305,56.7,Low
2026-03-18,02:00,Wednesday,Clear,7.0,402,56.7,Low
2026-03-18,03:00,Wednesday,Clear,9.3,293,55.5,Low
2026-03-18,04:00,Wednesday,Fog,12.2,401,52.8,Low
2026-03-18,05:00,Wednesday,Clear,14.1,542,54.7,Low
2026-03-18,06:00,Wednesday,Clear,19.1,489,54.3,Low
2026-03-18,07:00,Wednesday,Clear,18.6,1271,44.6,Medium
2026-03-18,08:00,Wednesday,Clear,24.2,1382,48.4,Medium
2026-03-18,09:00,Wednesday,Clear,23.6,1560,40.5,High
2026-03-18,10:00,Wednesday,Clear,25.7,497,53.8,Low
2026-03-18,11:00,Wednesday,Cloudy,28.1,1014,47.7,Medium
2026-03-18,12:00,Wednesday,Clear,25.9,958,47.2,Medium
2026-03-18,13:00,Wednesday,Clear,27.7,882,53.7,Medium
2026-03-18,14:00,Wednesday,Clear,26.1,1172,47.5,Medium
2026-03-18,15:00,Wednesday,Clear,24.4,935,53.5,Medium
2026-03-18,16:00,Wednesday,Cloudy,24.4,1196,51.1,Medium
2026-03-18,17:00,Wednesday,Clear,16.9,1744,44.7,High
2026-03-18,18:00,Wednesday,Cloudy,16.0,1469,42.8,Medium
2026-03-18,19:00,Wednesday,Clear,12.9,1814,47.3,High
2026-03-18,20:00,Wednesday,Rain,13.0,1261,49.7,Medium
2026-03-18,21:00,Wednesday,Clear,11.2,867,52.0,Medium
2026-03-18,22:00,Wednesday,Clear,9.8,718,50.6,Low
2026-03-18,23:00,Wednesday,Clear,12.2,691,55.6,Low
2026-03-19,00:00,Thursday,Clear,7.6,693,52.2,Low
2026-03-19,01:00,Thursday,Clear,7.6,686,56.6,Low
2026-03-19,02:00,Thursday,Clear,9.9,439,53.5,Low
2026-03-19,03:00,Thursday,Clear,14.3,202,61.9,Low
2026-03-19,04:00,Thursday,Rain,13.8,174,54.9,Low
2026-03-19,05:00,Thursday,Clear,12.4,189,64.4,Low
2026-03-19,06:00,Thursday,Clear,20.0,313,60.2,Low
2026-03-19,07:00,Thursday,Cloudy,22.5,1235,46.8,Medium
2026-03-19,08:00,Thursday,Clear,22.4,1399,44.8,Medium
2026-03-19,09:00,Thursday,Clear,23.4,1507,44.2,High
2026-03-19,10:00,Thursday,Cloudy,27.8,1162,52.8,Medium
2026-03-19,11:00,Thursday,Cloudy,30.3,993,50.2,Medium
2026-03-19,12:00,Thursday,Cloudy,28.9,998,56.8,Medium
2026-03-19,13:00,Thursday,Rain,22.2,1057,44.6,Medium
2026-03-19,14:00,Thursday,Clear,26.9,935,49.7,Medium
2026-03-19,15:00,Thursday,Clear,25.7,826,52.7,Medium
2026-03-19,16:00,Thursday,Clear,22.9,1037,47.8,Medium
2026-03-19,17:00,Thursday,Cloudy,19.6,1950,44.2,High
2026-03-19,18:00,Thursday,Clear,17.5,1929,39.5,High
2026-03-19,19:00,Thursday,Clear,11.6,1914,39.6,High
2026-03-19,20:00,Thursday,Cloudy,9.7,1793,36.3,High
2026-03-19,21:00,Thursday,Clear,12.5,845,52.7,Medium
2026-03-19,22:00,Thursday,Cloudy,8.4,766,44.0,Low
2026-03-19,23:00,Thursday,Clear,10.5,992,52.1,Medium
2026-03-20,00:00,Friday,Clear,9.0,641,48.9,Low
2026-03-20,01:00,Friday,Clear,9.7,640,47.4,Low
2026-03-20,02:00,Friday,Clear,11.1,601,57.5,Low
2026-03-20,03:00,Friday,Cloudy,9.4,500,61.2,Low
2026-03-20,04:00,Friday,Clear,11.1,622,49.2,Low
2026-03-20,05:00,Friday,Clear,16.5,353,50.2,Low
2026-03-20,06:00,Friday,Clear,15.5,408,61.2,Low
2026-03-20,07:00,Friday,Clear,21.0,1180,51.8,Medium
2026-03-20,08:00,Friday,Clear,22.9,1808,36.9,High
2026-03-20,09:00,Friday,Clear,26.3,1366,46.0,Medium
2026-03-20,10:00,Friday,Clear,24.1,1131,48.6,Medium
2026-03-20,11:00,Friday,Clear,29.8,644,54.6,Low
2026-03-20,12:00,Friday,Clear,24.3,862,48.7,Medium
2026-03-20,13:00,Friday,Rain,30.5,1012,48.8,Medium
2026-03-20,14:00,Friday,Clear,27.6,1104,47.6,Medium
2026-03-20,15:00,Friday,Clear,24.3,928,50.6,Medium
2026-03-20,16:00,Friday,Clear,24.2,1013,53.9,Medium
2026-03-20,17:00,Friday,Clear,20.7,1788,41.6,High
2026-03-20,18:00,Friday,Clear,16.6,1695,44.3,High
2026-03-20,19:00,Friday,Clear,16.5,1316,48.0,Medium
2026-03-20,20:00,Friday,Clear,12.0,1800,40.6,High
2026-03-20,21:00,Friday,Clear,14.0,904,48.7,Medium
2026-03-20,22:00,Friday,Cloudy,10.9,804,50.1,Medium
2026-03-20,23:00,Friday,Clear,6.1,875,48.9,Medium
2026-03-21,00:00,Saturday,Clear,7.4,145,55.0,Low
2026-03-21,01:00,Saturday,Clear,12.3,584,53.8,Low
2026-03-21,02:00,Saturday,Clear,8.6,403,59.5,Low
2026-03-21,03:00,Saturday,Cloudy,7.1,463,52.5,Low
2026-03-21,04:00,Saturday,Clear,11.5,233,56.0,Low
2026-03-21,05:00,Saturday,Cloudy,16.7,291,59.2,Low
2026-03-21,06:00,Saturday,Clear,14.0,233,64.9,Low
2026-03-21,07:00,Saturday,Fog,19.4,827,54.7,Medium
2026-03-21,08:00,Saturday,Cloudy,22.5,1127,48.5,Medium
2026-03-21,09:00,Saturday,Cloudy,26.1,1018,50.0,Medium
2026-03-21,10:00,Saturday,Clear,26.9,1001,52.6,Medium
2026-03-21,11:00,Saturday,Clear,26.2,559,57.9,Low
2026-03-21,12:00,Saturday,Clear,25.2,1005,55.2,Medium
2026-03-21,13:00,Saturday,Clear,27.8,582,49.0,Low
2026-03-21,14:00,Saturday,Clear,30.7,1058,46.1,Medium
2026-03-21,15:00,Saturday,Clear,25.1,741,52.4,Low
2026-03-21,16:00,Saturday,Rain,26.3,724,55.2,Low
2026-03-21,17:00,Saturday,Cloudy,20.2,1188,52.0,Medium
2026-03-21,18:00,Saturday,Fog,18.6,1123,47.1,Medium
2026-03-21,19:00,Saturday,Clear,13.9,1453,44.1,Medium
2026-03-21,20:00,Saturday,Clear,12.6,1297,45.2,Medium
2026-03-21,21:00,Saturday,Cloudy,9.5,481,55.2,Low
2026-03-21,22:00,Saturday,Clear,7.5,491,58.7,Low
2026-03-21,23:00,Saturday,Cloudy,10.4,606,59.4,Low
2026-03-22,00:00,Sunday,Rain,12.2,100,61.3,Low
2026-03-22,01:00,Sunday,Clear,8.3,597,54.1,Low
2026-03-22,02:00,Sunday,Cloudy,11.0,310,55.9,Low
2026-03-22,03:00,Sunday,Clear,10.8,431,55.9,Low
2026-03-22,04:00,Sunday,Rain,14.7,588,55.6,Low
2026-03-22,05:00,Sunday,Rain,14.8,360,55.7,Low
2026-03-22,06:00,Sunday,Clear,17.7,557,59.5,Low
2026-03-22,07:00,Sunday,Clear,19.9,1345,46.4,Medium
2026-03-22,08:00,Sunday,Clear,25.2,1210,47.7,Medium
2026-03-22,09:00,Sunday,Rain,28.9,344,54.6,Low
2026-03-22,10:00,Sunday,Clear,26.3,740,48.6,Low
2026-03-22,11:00,Sunday,Clear,29.1,642,56.9,Low
2026-03-22,12:00,Sunday,Clear,29.0,660,53.0,Low
2026-03-22,13:00,Sunday,Clear,25.5,903,55.3,Medium
2026-03-22,14:00,Sunday,Rain,26.6,548,52.3,Low
2026-03-22,15:00,Sunday,Clear,24.2,783,46.3,Low
2026-03-22,16:00,Sunday,Cloudy,25.9,593,50.3,Low
2026-03-22,17:00,Sunday,Clear,18.6,1445,45.2,Medium
2026-03-22,18:00,Sunday,Cloudy,19.4,1503,43.9,High
2026-03-22,19:00,Sunday,Clear,17.8,1791,44.3,High
2026-03-22,20:00,Sunday,Clear,14.2,1363,45.6,Medium
2026-03-22,21:00,Sunday,Clear,10.0,527,58.4,Low
2026-03-22,22:00,Sunday,Cloudy,8.5,408,53.7,Low
2026-03-22,23:00,Sunday,Clear,9.4,401,52.1,Low
2026-03-23,00:00,Monday,Cloudy,9.7,100,63.4,Low
2026-03-23,01:00,Monday,Cloudy,5.8,425,55.1,Low
2026-03-23,02:00,Monday,Cloudy,6.8,336,54.8,Low
2026-03-23,03:00,Monday,Rain,8.7,455,57.7,Low
2026-03-23,04:00,Monday,Clear,11.4,624,55.4,Low
2026-03-23,05:00,Monday,Fog,13.0,260,51.7,Low
2026-03-23,06:00,Monday,Cloudy,20.4,401,57.1,Low
2026-03-23,07:00,Monday,Rain,22.4,1003,47.6,Medium
2026-03-23,08:00,Monday,Rain,24.1,1118,49.5,Medium
2026-03-23,09:00,Monday,Cloudy,24.7,1522,45.0,High
2026-03-23,10:00,Monday,Clear,25.4,867,61.2,Medium
2026-03-23,11:00,Monday,Rain,28.7,807,56.0,Medium
2026-03-23,12:00,Monday,Cloudy,29.6,791,55.0,Low
2026-03-23,13:00,Monday,Clear,27.2,718,56.4,Low
2026-03-23,14:00,Monday,Clear,26.1,744,54.5,Low
2026-03-23,15:00,Monday,Fog,25.2,917,48.1,Medium
2026-03-23,16:00,Monday,Clear,21.2,545,56.1,Low
2026-03-23,17:00,Monday,Clear,17.1,1751,39.0,High
2026-03-23,18:00,Monday,Clear,15.2,1824,38.1,High
2026-03-23,19:00,Monday,Cloudy,15.5,1642,44.5,High
2026-03-23,20:00,Monday,Clear,13.3,1695,43.7,High
2026-03-23,21:00,Monday,Clear,7.5,713,55.2,Low
2026-03-23,22:00,Monday,Clear,10.5,681,51.0,Low
2026-03-23,23:00,Monday,Rain,10.2,710,52.1,Low
2026-03-24,00:00,Tuesday,Rain,9.2,162,55.3,Low
2026-03-24,01:00,Tuesday,Clear,6.2,263,59.6,Low
2026-03-24,02:00,Tuesday,Clear,7.7,480,54.4,Low
2026-03-24,03:00,Tuesday,Clear,10.2,309,56.8,Low
2026-03-24,04:00,Tuesday,Fog,11.1,497,53.4,Low
2026-03-24,05:00,Tuesday,Cloudy,11.6,331,55.6,Low
2026-03-24,06:00,Tuesday,Rain,16.6,100,60.1,Low
2026-03-24,07:00,Tuesday,Clear,22.3,1385,51.3,Medium
2026-03-24,08:00,Tuesday,Rain,23.1,1184,46.5,Medium
2026-03-24,09:00,Tuesday,Cloudy,20.7,1296,47.9,Medium
2026-03-24,10:00,Tuesday,Rain,25.9,843,54.1,Medium
2026-03-24,11:00,Tuesday,Rain,24.6,787,54.6,Low
2026-03-24,12:00,Tuesday,Clear,28.0,658,53.0,Low
2026-03-24,13:00,Tuesday,Clear,26.9,922,57.2,Medium
2026-03-24,14:00,Tuesday,Clear,27.8,986,50.4,Medium
2026-03-24,15:00,Tuesday,Cloudy,22.1,1063,49.7,Medium
2026-03-24,16:00,Tuesday,Clear,21.3,988,45.5,Medium
2026-03-24,17:00,Tuesday,Clear,22.2,2061,46.6,High
2026-03-24,18:00,Tuesday,Clear,19.8,2021,39.4,High
2026-03-24,19:00,Tuesday,Cloudy,12.7,1353,48.5,Medium
2026-03-24,20:00,Tuesday,Clear,14.2,1823,40.1,High
2026-03-24,21:00,Tuesday,Clear,11.4,852,50.3,Medium
2026-03-24,22:00,Tuesday,Clear,13.4,566,50.6,Low
2026-03-24,23:00,Tuesday,Clear,9.1,635,47.3,Low
2026-03-25,00:00,Wednesday,Clear,7.9,322,61.0,Low
2026-03-25,01:00,Wednesday,Rain,11.0,301,54.0,Low
2026-03-25,02:00,Wednesday,Cloudy,11.7,426,56.4,Low
2026-03-25,03:00,Wednesday,Clear,10.0,171,54.8,Low
2026-03-25,04:00,Wednesday,Cloudy,13.0,528,53.6,Low
2026-03-25,05:00,Wednesday,Clear,17.8,170,54.9,Low
2026-03-25,06:00,Wednesday,Cloudy,16.6,245,54.1,Low
2026-03-25,07:00,Wednesday,Clear,20.9,1346,42.9,Medium
2026-03-25,08:00,Wednesday,Clear,23.1,1620,44.9,High
2026-03-25,09:00,Wednesday,Clear,23.9,1289,42.9,Medium
2026-03-25,10:00,Wednesday,Clear,24.2,889,50.3,Medium
2026-03-25,11:00,Wednesday,Cloudy,27.6,1128,50.7,Medium
2026-03-25,12:00,Wednesday,Rain,25.1,745,55.2,Low
2026-03-25,13:00,Wednesday,Clear,29.8,1059,49.9,Medium
2026-03-25,14:00,Wednesday,Cloudy,26.2,749,52.0,Low
2026-03-25,15:00,Wednesday,Cloudy,23.7,714,49.7,Low
2026-03-25,16:00,Wednesday,Clear,20.8,945,48.6,Medium
2026-03-25,17:00,Wednesday,Cloudy,21.2,1575,42.3,High
2026-03-25,18:00,Wednesday,Rain,17.9,1298,47.0,Medium
2026-03-25,19:00,Wednesday,Clear,14.6,1678,42.0,High
2026-03-25,20:00,Wednesday,Clear,15.2,1900,48.3,High
2026-03-25,21:00,Wednesday,Clear,12.6,579,52.7,Low
2026-03-25,22:00,Wednesday,Clear,9.6,469,57.3,Low
2026-03-25,23:00,Wednesday,Clear,8.5,865,52.8,Medium
2026-03-26,00:00,Thursday,Clear,6.3,266,59.5,Low
2026-03-26,01:00,Thursday,Cloudy,6.4,657,52.2,Low
2026-03-26,02:00,Thursday,Clear,8.7,231,59.5,Low
2026-03-26,03:00,Thursday,Clear,11.1,100,59.3,Low
2026-03-26,04:00,Thursday,Clear,13.4,594,48.8,Low
2026-03-26,05:00,Thursday,Clear,14.6,565,53.2,Low
2026-03-26,06:00,Thursday,Fog,13.9,142,57.9,Low
2026-03-26,07:00,Thursday,Clear,22.9,1513,42.4,High
2026-03-26,08:00,Thursday,Clear,24.1,1494,47.2,Medium
2026-03-26,09:00,Thursday,Rain,23.2,895,49.6,Medium
2026-03-26,10:00,Thursday,Clear,22.6,897,47.0,Medium
2026-03-26,11:00,Thursday,Rain,28.1,624,51.5,Low
2026-03-26,12:00,Thursday,Clear,25.0,999,47.7,Medium
2026-03-26,13:00,Thursday,Cloudy,26.6,917,55.5,Medium
2026-03-26,14:00,Thursday,Cloudy,25.4,1012,48.2,Medium
2026-03-26,15:00,Thursday,Clear,24.0,1061,47.6,Medium
2026-03-26,16:00,Thursday,Clear,24.4,1121,53.6,Medium
2026-03-26,17:00,Thursday,Clear,22.4,1954,36.2,High
2026-03-26,18:00,Thursday,Clear,15.7,1933,43.7,High
2026-03-26,19:00,Thursday,Clear,16.7,1685,42.3,High
2026-03-26,20:00,Thursday,Clear,11.5,1905,38.2,High
2026-03-26,21:00,Thursday,Fog,9.3,609,49.9,Low
2026-03-26,22:00,Thursday,Rain,10.5,340,58.2,Low
2026-03-26,23:00,Thursday,Clear,7.0,655,49.7,Low
2026-03-27,00:00,Friday,Cloudy,12.4,100,54.4,Low
2026-03-27,01:00,Friday,Clear,11.0,455,55.9,Low
2026-03-27,02:00,Friday,Clear,8.9,422,55.8,Low
2026-03-27,03:00,Friday,Clear,8.0,417,50.8,Low
2026-03-27,04:00,Friday,Clear,13.2,140,60.9,Low
2026-03-27,05:00,Friday,Cloudy,15.7,486,54.7,Low
2026-03-27,06:00,Friday,Cloudy,17.3,337,58.6,Low
2026-03-27,07:00,Friday,Cloudy,24.4,1439,49.8,Medium
2026-03-27,08:00,Friday,Fog,21.0,1133,47.1,Medium
2026-03-27,09:00,Friday,Cloudy,26.5,1338,47.0,Medium
2026-03-27,10:00,Friday,Clear,22.3,905,54.9,Medium
2026-03-27,11:00,Friday,Cloudy,24.9,796,53.9,Low
2026-03-27,12:00,Friday,Clear,27.8,1218,52.4,Medium
2026-03-27,13:00,Friday,Cloudy,28.1,1083,48.6,Medium
2026-03-27,14:00,Friday,Clear,28.3,863,52.4,Medium
2026-03-27,15:00,Friday,Fog,25.7,956,47.4,Medium
2026-03-27,16:00,Friday,Clear,25.2,955,54.1,Medium
2026-03-27,17:00,Friday,Clear,17.1,1829,41.9,High
2026-03-27,18:00,Friday,Clear,20.1,1832,39.2,High
2026-03-27,19:00,Friday,Clear,15.3,1661,42.0,High
2026-03-27,20:00,Friday,Rain,14.5,1355,48.3,Medium
2026-03-27,21:00,Friday,Clear,12.9,498,54.1,Low
2026-03-27,22:00,Friday,Rain,8.2,399,50.8,Low
2026-03-27,23:00,Friday,Clear,8.6,580,54.8,Low
2026-03-28,00:00,Saturday,Clear,10.8,176,51.9,Low
2026-03-28,01:00,Saturday,Clear,11.3,386,55.6,Low
2026-03-28,02:00,Saturday,Clear,10.8,347,55.0,Low
2026-03-28,03:00,Saturday,Clear,11.9,232,58.4,Low
2026-03-28,04:00,Saturday,Rain,15.0,364,57.2,Low
2026-03-28,05:00,Saturday,Cloudy,14.3,276,56.6,Low
2026-03-28,06:00,Saturday,Clear,19.6,317,60.1,Low
2026-03-28,07:00,Saturday,Clear,19.9,1146,47.7,Medium
2026-03-28,08:00,Saturday,Clear,21.0,1379,41.2,Medium
2026-03-28,09:00,Saturday,Rain,24.1,1026,54.1,Medium
2026-03-28,10:00,Saturday,Clear,26.4,619,53.2,Low
2026-03-28,11:00,Saturday,Clear,27.0,652,52.5,Low
2026-03-28,12:00,Saturday,Clear,29.6,805,48.2,Medium
2026-03-28,13:00,Saturday,Clear,29.6,569,51.7,Low
2026-03-28,14:00,Saturday,Clear,27.8,324,53.7,Low
2026-03-28,15:00,Saturday,Clear,28.2,681,50.1,Low
2026-03-28,16:00,Saturday,Cloudy,24.5,888,52.6,Medium
2026-03-28,17:00,Saturday,Clear,17.7,1779,39.5,High
2026-03-28,18:00,Saturday,Clear,21.4,1427,46.6,Medium
2026-03-28,19:00,Saturday,Clear,14.5,1151,47.8,Medium
2026-03-28,20:00,Saturday,Clear,10.2,1545,39.7,High
2026-03-28,21:00,Saturday,Rain,12.7,418,59.0,Low
2026-03-28,22:00,Saturday,Clear,8.9,723,51.8,Low
2026-03-28,23:00,Saturday,Rain,4.3,192,56.6,Low
2026-03-29,00:00,Sunday,Clear,6.0,222,56.2,Low
2026-03-29,01:00,Sunday,Rain,13.2,237,56.8,Low
2026-03-29,02:00,Sunday,Cloudy,10.2,329,57.6,Low
2026-03-29,03:00,Sunday,Clear,11.3,249,57.5,Low
2026-03-29,04:00,Sunday,Clear,12.3,263,55.1,Low
2026-03-29,05:00,Sunday,Clear,14.3,196,59.4,Low
2026-03-29,06:00,Sunday,Rain,18.6,340,57.5,Low
2026-03-29,07:00,Sunday,Clear,22.1,1002,51.8,Medium
2026-03-29,08:00,Sunday,Clear,22.2,974,54.9,Medium
2026-03-29,09:00,Sunday,Cloudy,25.7,971,54.4,Medium
2026-03-29,10:00,Sunday,Rain,28.0,188,50.0,Low
2026-03-29,11:00,Sunday,Cloudy,25.3,416,56.7,Low
2026-03-29,12:00,Sunday,Clear,28.2,676,51.6,Low
2026-03-29,13:00,Sunday,Cloudy,26.8,880,53.6,Medium
2026-03-29,14:00,Sunday,Clear,27.7,923,48.2,Medium
2026-03-29,15:00,Sunday,Clear,23.8,952,56.8,Medium
2026-03-29,16:00,Sunday,Cloudy,22.0,712,57.4,Low
2026-03-29,17:00,Sunday,Clear,22.2,1232,49.9,Medium
2026-03-29,18:00,Sunday,Clear,17.2,1190,49.0,Medium
2026-03-29,19:00,Sunday,Clear,16.0,1589,46.0,High
2026-03-29,20:00,Sunday,Clear,13.4,1356,50.2,Medium
2026-03-29,21:00,Sunday,Clear,8.9,537,49.5,Low
2026-03-29,22:00,Sunday,Clear,8.3,415,53.1,Low
2026-03-29,23:00,Sunday,Clear,8.3,560,51.9,Low
2026-03-30,00:00,Monday,Clear,8.9,355,55.4,Low
2026-03-30,01:00,Monday,Rain,8.7,481,55.1,Low
2026-03-30,02:00,Monday,Cloudy,10.6,182,56.5,Low
2026-03-30,03:00,Monday,Clear,10.8,449,53.0,Low
2026-03-30,04:00,Monday,Clear,12.0,408,58.3,Low
2026-03-30,05:00,Monday,Clear,15.3,591,55.8,Low
2026-03-30,06:00,Monday,Cloudy,20.3,389,58.8,Low
2026-03-30,07:00,Monday,Clear,20.1,1382,46.0,Medium
2026-03-30,08:00,Monday,Cloudy,20.1,1263,48.3,Medium
2026-03-30,09:00,Monday,Rain,24.7,1368,49.3,Medium
2026-03-30,10:00,Monday,Clear,28.2,970,49.6,Medium
2026-03-30,11:00,Monday,Clear,25.6,529,54.3,Low
2026-03-30,12:00,Monday,Clear,28.1,828,49.6,Medium
2026-03-30,13:00,Monday,Clear,26.5,937,55.1,Medium
2026-03-30,14:00,Monday,Cloudy,28.5,1124,41.7,Medium
2026-03-30,15:00,Monday,Clear,23.8,987,56.9,Medium
2026-03-30,16:00,Monday,Rain,22.9,760,53.4,Low
2026-03-30,17:00,Monday,Clear,18.7,1942,42.9,High
2026-03-30,18:00,Monday,Clear,18.3,1562,42.8,High
2026-03-30,19:00,Monday,Clear,13.6,1736,41.2,High
2026-03-30,20:00,Monday,Cloudy,13.5,1719,40.5,High
2026-03-30,21:00,Monday,Clear,10.2,715,53.3,Low
2026-03-30,22:00,Monday,Cloudy,10.2,376,57.1,Low
2026-03-30,23:00,Monday,Cloudy,7.1,670,52.2,Low
2026-03-31,00:00,Tuesday,Cloudy,6.8,464,55.6,Low
2026-03-31,01:00,Tuesday,Clear,4.9,387,59.5,Low
2026-03-31,02:00,Tuesday,Cloudy,12.2,443,58.5,Low
2026-03-31,03:00,Tuesday,Clear,9.9,181,58.9,Low
2026-03-31,04:00,Tuesday,Clear,10.7,266,59.3,Low
2026-03-31,05:00,Tuesday,Clear,15.1,406,63.9,Low
2026-03-31,06:00,Tuesday,Rain,18.5,214,61.3,Low
2026-03-31,07:00,Tuesday,Rain,23.0,690,51.1,Low
2026-03-31,08:00,Tuesday,Clear,18.7,1263,48.4,Medium
2026-03-31,09:00,Tuesday,Clear,25.0,1394,48.5,Medium
2026-03-31,10:00,Tuesday,Cloudy,25.8,1109,43.1,Medium
2026-03-31,11:00,Tuesday,Clear,24.7,866,50.9,Medium
2026-03-31,12:00,Tuesday,Cloudy,28.1,776,51.7,Low
2026-03-31,13:00,Tuesday,Fog,31.7,749,55.2,Low
2026-03-31,14:00,Tuesday,Clear,26.3,1026,51.1,Medium
2026-03-31,15:00,Tuesday,Clear,25.6,959,52.2,Medium
2026-03-31,16:00,Tuesday,Fog,23.2,767,46.9,Low
2026-03-31,17:00,Tuesday,Clear,25.8,1663,45.2,High
2026-03-31,18:00,Tuesday,Clear,17.0,1577,44.1,High
2026-03-31,19:00,Tuesday,Rain,12.2,1444,50.6,Medium
2026-03-31,20:00,Tuesday,Clear,11.2,1876,39.2,High
2026-03-31,21:00,Tuesday,Clear,12.5,838,50.5,Medium
2026-03-31,22:00,Tuesday,Clear,7.1,730,54.4,Low
2026-03-31,23:00,Tuesday,Clear,8.9,818,51.8,Medium
